run_id,as_of,account_id,account_type,industry,action,reason,queued,queue_position,in_holdout,score,rank,snapshot_age_days,intent_imputed,never_contacted,score_if_intent_low,score_if_intent_high,why
d4d9ab11-d684-4412-aa31-92245e826041,2026-08-01,ACC-01073,Prospect,Healthcare,HOLD,below the level where this model's ranking carries any signal (score 0.041),False,,False,0.04088057695028009,275,112,True,True,0.04521592393009381,0.04725222353561751,nothing stands out
d4d9ab11-d684-4412-aa31-92245e826041,2026-08-01,ACC-00533,Prospect,Manufacturing,CALL_NOW,top tier and current (13 days old),True,8.0,False,0.1219406610049066,15,13,False,True,0.04960847734632922,0.05183185676249175,"third-party intent score of 63, against a typical 25 · 7 website visits in the 90 days to 2026-08-01"
d4d9ab11-d684-4412-aa31-92245e826041,2026-08-01,ACC-01319,Prospect,Retail,HOLD,below the level where this model's ranking carries any signal (score 0.041),False,,False,0.04088057695028009,276,351,True,True,0.04521592393009381,0.058029955787361205,nothing stands out
d4d9ab11-d684-4412-aa31-92245e826041,2026-08-01,ACC-00160,Suspect,Professional Services,NURTURE,"middle of the range - worth a campaign, not a call",False,,False,0.07323581038377505,90,117,False,False,0.06842072468310358,0.0693904822419244,"8 website visits in the 90 days to 2026-08-01 · third-party intent score of 7, against a typical 25"
d4d9ab11-d684-4412-aa31-92245e826041,2026-08-01,ACC-00275,Suspect,Healthcare,HOLD,below the level where this model's ranking carries any signal (score 0.049),False,,False,0.049379659842334306,171,118,False,False,0.04725622728006421,0.049379659842334306,"third-party intent score of 46, against a typical 25"
d4d9ab11-d684-4412-aa31-92245e826041,2026-08-01,ACC-00144,Prospect,Financial Services,HOLD,below the level where this model's ranking carries any signal (score 0.050),False,,False,0.050096025152385815,166,292,False,True,0.046849631525165004,0.04895573272368234,"third-party intent score of 20, against a typical 25 · 6 website visits in the 90 days to 2026-08-01"
d4d9ab11-d684-4412-aa31-92245e826041,2026-08-01,ACC-00989,Suspect,Professional Services,NURTURE,"middle of the range - worth a campaign, not a call",False,,False,0.08684647485124945,62,92,True,True,0.09557073246285988,0.09310373337224374,9 website visits in the 90 days to 2026-08-01 · 9 employees
d4d9ab11-d684-4412-aa31-92245e826041,2026-08-01,ACC-00270,Suspect,Financial Services,NURTURE,"middle of the range - worth a campaign, not a call",False,,False,0.08755912602863473,60,95,False,False,0.08188552274842166,0.0760760838692745,"5 logged sales contacts · third-party intent score of 12, against a typical 25"
d4d9ab11-d684-4412-aa31-92245e826041,2026-08-01,ACC-01192,Prospect,Software,HOLD,below the level where this model's ranking carries any signal (score 0.050),False,,False,0.04957583762372842,168,120,False,True,0.04636150866164821,0.045101419521817086,"third-party intent score of 19, against a typical 25"
d4d9ab11-d684-4412-aa31-92245e826041,2026-08-01,ACC-00272,Prospect,Financial Services,HOLD,below the level where this model's ranking carries any signal (score 0.050),False,,False,0.05019108787490342,165,555,False,False,0.049475383903966996,0.05019108787490342,"third-party intent score of 44, against a typical 25 · 6 website visits in the 90 days to 2026-08-01"
d4d9ab11-d684-4412-aa31-92245e826041,2026-08-01,ACC-00915,Prospect,Retail,NURTURE,"middle of the range - worth a campaign, not a call",False,,False,0.09501886788438467,45,104,False,False,0.08387854530988512,0.09501886788438467,"6 logged sales contacts · third-party intent score of 44, against a typical 25 · in Retail"
d4d9ab11-d684-4412-aa31-92245e826041,2026-08-01,ACC-00614,Prospect,Professional Services,HOLD,below the level where this model's ranking carries any signal (score 0.040),False,,False,0.039889252851696824,287,83,True,True,0.0441243072986949,0.04611382029664017,nothing stands out
d4d9ab11-d684-4412-aa31-92245e826041,2026-08-01,ACC-00602,Prospect,Financial Services,HOLD,below the level where this model's ranking carries any signal (score 0.042),False,,False,0.04211633736574739,248,152,True,False,0.04657637152526574,0.0439855352306169,2 logged sales contacts
d4d9ab11-d684-4412-aa31-92245e826041,2026-08-01,ACC-00369,Prospect,Healthcare,HOLD,below the level where this model's ranking carries any signal (score 0.051),False,,False,0.050762452256607256,160,454,False,False,0.04747503029634021,0.04816326366723395,"third-party intent score of 20, against a typical 25 · 2 logged sales contacts"
d4d9ab11-d684-4412-aa31-92245e826041,2026-08-01,ACC-00295,Prospect,Manufacturing,HOLD,below the level where this model's ranking carries any signal (score 0.049),False,,False,0.049173324573055385,173,102,False,True,0.0470583256440241,0.049173324573055385,"third-party intent score of 37, against a typical 25"
d4d9ab11-d684-4412-aa31-92245e826041,2026-08-01,ACC-00109,Suspect,Manufacturing,HOLD,below the level where this model's ranking carries any signal (score 0.051),False,,False,0.05128539230810938,157,618,False,False,0.04796581556325772,0.050119455763830645,"third-party intent score of 22, against a typical 25"
d4d9ab11-d684-4412-aa31-92245e826041,2026-08-01,ACC-00806,Prospect,Healthcare,HOLD,below the level where this model's ranking carries any signal (score 0.064),False,,False,0.06404574899000844,111,130,False,False,0.07441829739991254,0.06909875601193696,4 logged sales contacts
d4d9ab11-d684-4412-aa31-92245e826041,2026-08-01,ACC-00787,Former Customer,Manufacturing,NURTURE,"middle of the range - worth a campaign, not a call",False,,False,0.0906834440762641,54,119,False,True,0.07710356826148469,0.07823509383779009,"started a trial · third-party intent score of 53, against a typical 25 · 5 people active in the trial"
d4d9ab11-d684-4412-aa31-92245e826041,2026-08-01,ACC-00289,Prospect,Healthcare,HOLD,below the level where this model's ranking carries any signal (score 0.048),False,,False,0.048354854709791256,177,407,False,True,0.04521592393009381,0.04725222353561751,"third-party intent score of 19, against a typical 25"
d4d9ab11-d684-4412-aa31-92245e826041,2026-08-01,ACC-00935,Suspect,Manufacturing,NURTURE,"middle of the range - worth a campaign, not a call",False,,False,0.10240259693077054,35,234,True,False,0.12083662858864681,0.11012576675126473,5 logged sales contacts · 218 employees · in Manufacturing
d4d9ab11-d684-4412-aa31-92245e826041,2026-08-01,ACC-01414,Prospect,Manufacturing,NURTURE,"middle of the range - worth a campaign, not a call",False,,False,0.07633136106572597,82,115,False,False,0.04818773790039957,0.04888577295220728,"third-party intent score of 24, against a typical 25 · 2 logged sales contacts · 0 website visits in the 90 days to 2026-08-01"
d4d9ab11-d684-4412-aa31-92245e826041,2026-08-01,ACC-00461,Suspect,Professional Services,NURTURE,"middle of the range - worth a campaign, not a call",False,,False,0.07560638561495713,84,247,True,True,0.08523596514159838,0.08112574723146088,10 website visits in the 90 days to 2026-08-01
d4d9ab11-d684-4412-aa31-92245e826041,2026-08-01,ACC-00763,Suspect,Healthcare,HOLD,below the level where this model's ranking carries any signal (score 0.041),False,,False,0.04088057695028009,277,224,True,True,0.04521592393009381,0.04725222353561751,nothing stands out
d4d9ab11-d684-4412-aa31-92245e826041,2026-08-01,ACC-00481,Former Customer,Healthcare,HOLD,below the level where this model's ranking carries any signal (score 0.047),False,,False,0.0473981123071941,185,103,True,False,0.050213089907480135,0.04948961356260349,5 marketing leads · listed as a Former Customer · 3 logged sales contacts
d4d9ab11-d684-4412-aa31-92245e826041,2026-08-01,ACC-00313,Prospect,Retail,HOLD,below the level where this model's ranking carries any signal (score 0.045),False,,False,0.04533729386290235,210,91,True,False,0.05132571710711539,0.06238867996862235,466 employees · 2 logged sales contacts
d4d9ab11-d684-4412-aa31-92245e826041,2026-08-01,ACC-00789,Suspect,Professional Services,HOLD,below the level where this model's ranking carries any signal (score 0.056),False,,False,0.05637843055562307,139,305,False,True,0.04497788708889398,0.047003994447693,"third-party intent score of 53, against a typical 25 · 0 website visits in the 90 days to 2026-08-01"
d4d9ab11-d684-4412-aa31-92245e826041,2026-08-01,ACC-01145,Prospect,Manufacturing,HOLD,below the level where this model's ranking carries any signal (score 0.045),False,,False,0.0449628667716611,215,304,False,False,0.047062507861443933,0.04661986026531412,"third-party intent score of 34, against a typical 25 · 3 logged sales contacts"
d4d9ab11-d684-4412-aa31-92245e826041,2026-08-01,ACC-00561,Prospect,Professional Services,HOLD,below the level where this model's ranking carries any signal (score 0.045),False,,False,0.04545347414143639,208,437,False,False,0.04545347414143639,0.04611382029664017,"third-party intent score of 14, against a typical 25 · 2 logged sales contacts"
d4d9ab11-d684-4412-aa31-92245e826041,2026-08-01,ACC-01179,Suspect,Manufacturing,NURTURE,"middle of the range - worth a campaign, not a call",False,,False,0.0755838240105348,85,89,False,True,0.06198839408679513,0.06322995631678147,"third-party intent score of 52, against a typical 25 · 672 employees · 0 website visits in the 90 days to 2026-08-01"
d4d9ab11-d684-4412-aa31-92245e826041,2026-08-01,ACC-00700,Suspect,Professional Services,NURTURE,"middle of the range - worth a campaign, not a call",False,,False,0.07297778957086674,91,133,True,True,0.0804315672909278,0.08391441835257125,8 website visits in the 90 days to 2026-08-01 · 5 employees
d4d9ab11-d684-4412-aa31-92245e826041,2026-08-01,ACC-00049,Prospect,Financial Services,HOLD,below the level where this model's ranking carries any signal (score 0.051),False,,False,0.05066287025632632,161,101,False,True,0.04725622728006421,0.049379659842334306,"third-party intent score of 12, against a typical 25"
d4d9ab11-d684-4412-aa31-92245e826041,2026-08-01,ACC-01025,Prospect,Financial Services,HOLD,below the level where this model's ranking carries any signal (score 0.042),False,,False,0.041674142888495504,263,95,True,True,0.04608960271064684,0.04483655641195417,nothing stands out
d4d9ab11-d684-4412-aa31-92245e826041,2026-08-01,ACC-00730,Suspect,Financial Services,NURTURE,"middle of the range - worth a campaign, not a call",False,,False,0.09757081236463523,40,302,False,False,0.10014310665835625,0.09757081236463523,"10 website visits in the 90 days to 2026-08-01 · 16 employees · third-party intent score of 41, against a typical 25"
d4d9ab11-d684-4412-aa31-92245e826041,2026-08-01,ACC-00236,Prospect,Retail,HOLD,below the level where this model's ranking carries any signal (score 0.042),False,,False,0.041921144569072595,257,122,True,True,0.04636150866164821,0.059479970215958515,nothing stands out
d4d9ab11-d684-4412-aa31-92245e826041,2026-08-01,ACC-00564,Prospect,Professional Services,HOLD,below the level where this model's ranking carries any signal (score 0.060),False,,False,0.060387990113290727,123,104,True,True,0.06664832498756444,0.06957949383563457,started a trial · 4 people active in the trial · in Professional Services
d4d9ab11-d684-4412-aa31-92245e826041,2026-08-01,ACC-01229,Prospect,Software,HOLD,below the level where this model's ranking carries any signal (score 0.056),False,,False,0.0564704421190701,138,83,False,True,0.04636150866164821,0.048446781882751117,"third-party intent score of 12, against a typical 25"
d4d9ab11-d684-4412-aa31-92245e826041,2026-08-01,ACC-00980,Suspect,Retail,HOLD,below the level where this model's ranking carries any signal (score 0.051),False,,False,0.05053377622921996,162,138,False,False,0.04726042621333832,0.05750024955761577,"third-party intent score of 20, against a typical 25 · 2 logged sales contacts"
d4d9ab11-d684-4412-aa31-92245e826041,2026-08-01,ACC-00550,Suspect,Professional Services,HOLD,below the level where this model's ranking carries any signal (score 0.055),False,,False,0.055462798655196405,145,94,False,False,0.045525542867843403,0.044287119799411086,"third-party intent score of 8, against a typical 25 · 5 marketing leads"
d4d9ab11-d684-4412-aa31-92245e826041,2026-08-01,ACC-00414,Prospect,Financial Services,NURTURE,"middle of the range - worth a campaign, not a call",False,,False,0.07757703759970261,78,105,True,False,0.08993048468184622,0.07802839498538355,4 logged sales contacts · 0 website visits in the 90 days to 2026-08-01
d4d9ab11-d684-4412-aa31-92245e826041,2026-08-01,ACC-00839,Prospect,Manufacturing,NURTURE,"middle of the range - worth a campaign, not a call",False,,False,0.08920446052655882,56,112,False,False,0.07369339219491507,0.06842183771276278,"4 logged sales contacts · third-party intent score of 10, against a typical 25 · in Manufacturing"
d4d9ab11-d684-4412-aa31-92245e826041,2026-08-01,ACC-00376,Former Customer,Financial Services,HOLD,below the level where this model's ranking carries any signal (score 0.047),False,,False,0.04706033064906182,193,83,False,True,0.04608960271064684,0.050253014886932776,"third-party intent score of 29, against a typical 25 · listed as a Former Customer"
d4d9ab11-d684-4412-aa31-92245e826041,2026-08-01,ACC-00506,Suspect,Software,NURTURE,"middle of the range - worth a campaign, not a call",False,,False,0.10604810116440141,33,20,False,False,0.10872244317299021,0.10121894180391575,"7 logged sales contacts · 0 website visits in the 90 days to 2026-08-01 · third-party intent score of 52, against a typical 25"
d4d9ab11-d684-4412-aa31-92245e826041,2026-08-01,ACC-00449,Prospect,Manufacturing,HOLD,below the level where this model's ranking carries any signal (score 0.041),False,,False,0.04149859991687924,271,378,True,True,0.04589635135949855,0.04796175472597977,nothing stands out
d4d9ab11-d684-4412-aa31-92245e826041,2026-08-01,ACC-00910,Prospect,Healthcare,HOLD,below the level where this model's ranking carries any signal (score 0.047),False,,False,0.04725222353561751,187,384,False,False,0.04657637152526574,0.04725222353561751,"third-party intent score of 48, against a typical 25"
d4d9ab11-d684-4412-aa31-92245e826041,2026-08-01,ACC-00299,Suspect,Software,HOLD,below the level where this model's ranking carries any signal (score 0.054),False,,False,0.05402246211682925,150,329,True,True,0.06108467116330271,0.06230933514568194,617 employees · 0 website visits in the 90 days to 2026-08-01
d4d9ab11-d684-4412-aa31-92245e826041,2026-08-01,ACC-00267,Former Customer,Financial Services,HOLD,below the level where this model's ranking carries any signal (score 0.044),False,,False,0.043544776166441895,231,115,True,True,0.04725622728006421,0.05030988362344896,listed as a Former Customer
d4d9ab11-d684-4412-aa31-92245e826041,2026-08-01,ACC-01290,Suspect,Professional Services,HOLD,below the level where this model's ranking carries any signal (score 0.054),False,,False,0.054122112913932555,149,111,False,True,0.053049261621681366,0.054122112913932555,"third-party intent score of 38, against a typical 25 · 7 website visits in the 90 days to 2026-08-01 · 467 employees"
d4d9ab11-d684-4412-aa31-92245e826041,2026-08-01,ACC-00285,Suspect,Professional Services,HOLD,below the level where this model's ranking carries any signal (score 0.071),False,,False,0.0706729493953822,95,143,False,True,0.0742963989974045,0.0706729493953822,started a trial · 3 people active in the trial · listed as a Suspect
d4d9ab11-d684-4412-aa31-92245e826041,2026-08-01,ACC-01282,Prospect,Professional Services,HOLD,below the level where this model's ranking carries any signal (score 0.040),False,,False,0.040121218294204015,286,103,True,False,0.04545347414143639,0.04190574300468297,3 logged sales contacts
d4d9ab11-d684-4412-aa31-92245e826041,2026-08-01,ACC-01128,Suspect,Retail,RE_ENRICH,"no intent data for this account, and the value would decide whether it clears the bar; worth buying before anyone calls",False,,False,0.09209820670381863,52,143,True,False,0.10129151227465248,0.12786889017272926,5 people active in the trial · started a trial · listed as a Suspect
d4d9ab11-d684-4412-aa31-92245e826041,2026-08-01,ACC-00438,Prospect,Retail,HOLD,below the level where this model's ranking carries any signal (score 0.065),False,,False,0.06508885191105332,109,639,False,True,0.04521592393009381,0.054060448452240235,"third-party intent score of 4, against a typical 25"
d4d9ab11-d684-4412-aa31-92245e826041,2026-08-01,ACC-01491,Prospect,Retail,CALL_WITH_CAVEAT,"top tier; information is 290 days old, so treat the activity as historical",False,,True,0.20939284337910957,1,290,False,False,0.22708850256445115,0.24732799779361309,5 logged sales contacts · 188 employees · 3 people active in the trial
d4d9ab11-d684-4412-aa31-92245e826041,2026-08-01,ACC-00273,Former Customer,Professional Services,HOLD,below the level where this model's ranking carries any signal (score 0.041),False,,False,0.04139031485025373,273,464,False,True,0.0438649187950359,0.04783744661345802,listed as a Former Customer
d4d9ab11-d684-4412-aa31-92245e826041,2026-08-01,ACC-00972,Suspect,Retail,HOLD,below the level where this model's ranking carries any signal (score 0.040),False,,False,0.03972853515385622,288,62,True,False,0.04501104925329573,0.052557341877806946,nothing stands out
d4d9ab11-d684-4412-aa31-92245e826041,2026-08-01,ACC-00391,Former Customer,Retail,RE_ENRICH,"no intent data for this account, and the value would decide whether it clears the bar; worth buying before anyone calls",False,,False,0.0893375356770386,55,150,True,False,0.09439647870915652,0.12084270409647967,11 website visits in the 90 days to 2026-08-01 · listed as a Former Customer · 2 logged sales contacts
d4d9ab11-d684-4412-aa31-92245e826041,2026-08-01,ACC-00116,Prospect,Healthcare,HOLD,below the level where this model's ranking carries any signal (score 0.048),False,,False,0.048446781882751117,176,647,False,False,0.04775470041351147,0.048446781882751117,"third-party intent score of 42, against a typical 25"
d4d9ab11-d684-4412-aa31-92245e826041,2026-08-01,ACC-00130,Prospect,Healthcare,HOLD,below the level where this model's ranking carries any signal (score 0.042),False,,False,0.04211633736574739,249,149,True,False,0.04657637152526574,0.04725222353561751,3 logged sales contacts
d4d9ab11-d684-4412-aa31-92245e826041,2026-08-01,ACC-00476,Suspect,Financial Services,HOLD,below the level where this model's ranking carries any signal (score 0.045),False,,False,0.04501104925329573,213,131,False,True,0.04501104925329573,0.045929222941666716,"third-party intent score of 18, against a typical 25"
d4d9ab11-d684-4412-aa31-92245e826041,2026-08-01,ACC-00191,Prospect,Professional Services,HOLD,below the level where this model's ranking carries any signal (score 0.063),False,,False,0.06253597141630658,116,40,False,False,0.04303150895396505,0.0449740672629575,"third-party intent score of 55, against a typical 25"
d4d9ab11-d684-4412-aa31-92245e826041,2026-08-01,ACC-00287,Prospect,Professional Services,HOLD,below the level where this model's ranking carries any signal (score 0.040),False,,False,0.039653727681091884,289,298,True,True,0.0438649187950359,0.04584329718224122,nothing stands out
d4d9ab11-d684-4412-aa31-92245e826041,2026-08-01,ACC-00570,Prospect,Manufacturing,RE_ENRICH,"no intent data for this account, and the value would decide whether it clears the bar; worth buying before anyone calls",False,,False,0.09539632839806324,43,105,True,False,0.11024819159307937,0.10265151813485304,5 logged sales contacts · 0 website visits in the 90 days to 2026-08-01 · in Manufacturing
d4d9ab11-d684-4412-aa31-92245e826041,2026-08-01,ACC-00112,Prospect,Financial Services,HOLD,below the level where this model's ranking carries any signal (score 0.070),False,,False,0.06979299013168544,100,81,False,False,0.06979299013168544,0.05897472146346945,"4 logged sales contacts · third-party intent score of 15, against a typical 25 · 145 employees"
d4d9ab11-d684-4412-aa31-92245e826041,2026-08-01,ACC-00908,Suspect,Financial Services,HOLD,below the level where this model's ranking carries any signal (score 0.063),False,,False,0.06250432815985645,117,525,False,False,0.06250432815985645,0.063755521642341,"started a trial · third-party intent score of 14, against a typical 25 · 0 website visits in the 90 days to 2026-08-01"
d4d9ab11-d684-4412-aa31-92245e826041,2026-08-01,ACC-00345,Suspect,Manufacturing,HOLD,below the level where this model's ranking carries any signal (score 0.047),False,,False,0.04686504024734423,196,92,True,False,0.05180075754511992,0.04893422735487839,5 marketing leads · 6 website visits in the 90 days to 2026-08-01 · 3 logged sales contacts
d4d9ab11-d684-4412-aa31-92245e826041,2026-08-01,ACC-00284,Suspect,Manufacturing,HOLD,below the level where this model's ranking carries any signal (score 0.057),False,,False,0.05691834169751893,135,64,True,False,0.06284304015900123,0.06116371996072342,started a trial · in Manufacturing · 0 website visits in the 90 days to 2026-08-01
d4d9ab11-d684-4412-aa31-92245e826041,2026-08-01,ACC-00082,Prospect,Professional Services,NURTURE,"middle of the range - worth a campaign, not a call",False,,False,0.09421547420149011,47,81,False,False,0.09232251426020005,0.08584184567381828,"4 logged sales contacts · 0 website visits in the 90 days to 2026-08-01 · third-party intent score of 53, against a typical 25"
d4d9ab11-d684-4412-aa31-92245e826041,2026-08-01,ACC-00065,Suspect,Healthcare,CALL_WITH_CAVEAT,"top tier; information is 260 days old, so treat the activity as historical",False,,True,0.13663723152019597,11,260,False,False,0.1282304167727509,0.13348260958077915,"13 website visits in the 90 days to 2026-08-01 · started a trial · third-party intent score of 8, against a typical 25"
d4d9ab11-d684-4412-aa31-92245e826041,2026-08-01,ACC-00334,Prospect,Professional Services,HOLD,below the level where this model's ranking carries any signal (score 0.039),False,,False,0.03889707325698896,297,115,False,True,0.04303150895396505,0.0449740672629575,nothing stands out
d4d9ab11-d684-4412-aa31-92245e826041,2026-08-01,ACC-01038,Prospect,Professional Services,HOLD,below the level where this model's ranking carries any signal (score 0.051),False,,False,0.051480062756581235,156,273,False,False,0.04814852496850805,0.05030993521215175,"third-party intent score of 20, against a typical 25 · 7 website visits in the 90 days to 2026-08-01"
d4d9ab11-d684-4412-aa31-92245e826041,2026-08-01,ACC-01263,Former Customer,Software,HOLD,below the level where this model's ranking carries any signal (score 0.046),False,,False,0.045742444853988935,205,67,False,True,0.04588095959835884,0.048850303924468236,"third-party intent score of 30, against a typical 25 · listed as a Former Customer"
d4d9ab11-d684-4412-aa31-92245e826041,2026-08-01,ACC-00707,Prospect,Manufacturing,HOLD,below the level where this model's ranking carries any signal (score 0.045),False,,False,0.0449628667716611,216,71,False,False,0.047062507861443933,0.04661986026531412,"third-party intent score of 33, against a typical 25 · 2 logged sales contacts"
d4d9ab11-d684-4412-aa31-92245e826041,2026-08-01,ACC-01227,Suspect,Retail,HOLD,below the level where this model's ranking carries any signal (score 0.057),False,,False,0.056955287729839765,134,177,False,False,0.05958000519001452,0.07439804150484519,"started a trial · third-party intent score of 27, against a typical 25"
d4d9ab11-d684-4412-aa31-92245e826041,2026-08-01,ACC-01411,Prospect,Retail,NURTURE,"middle of the range - worth a campaign, not a call",False,,False,0.07954199806076186,74,69,False,False,0.07453713751828014,0.09483534079748651,"8 website visits in the 90 days to 2026-08-01 · third-party intent score of 22, against a typical 25"
d4d9ab11-d684-4412-aa31-92245e826041,2026-08-01,ACC-00371,Former Customer,Financial Services,CALL_WITH_CAVEAT,"top tier; information is 256 days old, so treat the activity as historical",True,1.0,False,0.20447911195127128,2,256,False,False,0.10389830773953156,0.10248479146695494,"8 website visits in the 90 days to 2026-08-01 · third-party intent score of 64, against a typical 25 · started a trial"
d4d9ab11-d684-4412-aa31-92245e826041,2026-08-01,ACC-00541,Suspect,Manufacturing,HOLD,below the level where this model's ranking carries any signal (score 0.046),False,,False,0.04631195067318344,199,101,False,False,0.048471392849474666,0.048016161650673725,"third-party intent score of 32, against a typical 25 · 3 logged sales contacts"
d4d9ab11-d684-4412-aa31-92245e826041,2026-08-01,ACC-00015,Prospect,Software,HOLD,below the level where this model's ranking carries any signal (score 0.064),False,,False,0.06404574899000844,112,83,True,False,0.07441829739991254,0.06909875601193696,4 logged sales contacts
d4d9ab11-d684-4412-aa31-92245e826041,2026-08-01,ACC-00824,Former Customer,Retail,HOLD,below the level where this model's ranking carries any signal (score 0.044),False,,False,0.04354866039399014,230,217,True,False,0.04726042621333832,0.05996959804826929,listed as a Former Customer · 2 logged sales contacts
d4d9ab11-d684-4412-aa31-92245e826041,2026-08-01,ACC-01019,Prospect,Manufacturing,CALL_WITH_CAVEAT,"top tier; information is 130 days old, so treat the activity as historical",True,10.0,False,0.11588595292577854,18,130,False,False,0.09622560462780744,0.08356687375261766,"4 logged sales contacts · third-party intent score of 8, against a typical 25 · 0 website visits in the 90 days to 2026-08-01"
d4d9ab11-d684-4412-aa31-92245e826041,2026-08-01,ACC-00690,Prospect,Retail,RE_ENRICH,"no intent data for this account, and the value would decide whether it clears the bar; worth buying before anyone calls",False,,False,0.08355112935570029,66,75,True,False,0.09675610966830406,0.10940251835095903,4 logged sales contacts · 0 website visits in the 90 days to 2026-08-01
d4d9ab11-d684-4412-aa31-92245e826041,2026-08-01,ACC-01493,Prospect,Healthcare,NURTURE,"middle of the range - worth a campaign, not a call",False,,False,0.09569658236626725,42,91,False,False,0.09177370474805979,0.09569658236626725,"10 website visits in the 90 days to 2026-08-01 · third-party intent score of 41, against a typical 25"
d4d9ab11-d684-4412-aa31-92245e826041,2026-08-01,ACC-01339,Prospect,Healthcare,CALL_WITH_CAVEAT,"top tier; information is 240 days old, so treat the activity as historical",True,14.0,False,0.11189756550402105,24,240,False,True,0.04521592393009381,0.04725222353561751,"third-party intent score of 70, against a typical 25 · 3 website visits in the 90 days to 2026-08-01"
d4d9ab11-d684-4412-aa31-92245e826041,2026-08-01,ACC-01266,Suspect,Manufacturing,HOLD,below the level where this model's ranking carries any signal (score 0.049),False,,False,0.049173324573055385,174,48,False,False,0.0470583256440241,0.049173324573055385,"third-party intent score of 39, against a typical 25"
d4d9ab11-d684-4412-aa31-92245e826041,2026-08-01,ACC-00100,Suspect,Software,CALL_WITH_CAVEAT,"top tier; information is 94 days old, so treat the activity as historical",False,,True,0.11292289808768276,22,94,False,False,0.10837849537846105,0.11292289808768276,"12 website visits in the 90 days to 2026-08-01 · 16 employees · third-party intent score of 42, against a typical 25"
d4d9ab11-d684-4412-aa31-92245e826041,2026-08-01,ACC-01155,Prospect,Retail,CALL_NOW,top tier and current (30 days old),True,11.0,False,0.11569926762188526,19,30,False,False,0.07420669618712848,0.07857137673866296,"third-party intent score of 24, against a typical 25 · 7 logged sales contacts"
d4d9ab11-d684-4412-aa31-92245e826041,2026-08-01,ACC-00873,Prospect,Professional Services,NURTURE,"middle of the range - worth a campaign, not a call",False,,False,0.09678499033697463,41,211,True,False,0.10639131084529058,0.10783694502697466,11 website visits in the 90 days to 2026-08-01 · 29 employees · 2 logged sales contacts
d4d9ab11-d684-4412-aa31-92245e826041,2026-08-01,ACC-00631,Prospect,Software,NURTURE,"middle of the range - worth a campaign, not a call",False,,False,0.07656075349865811,80,211,True,True,0.0843471893546082,0.08798337204994763,8 website visits in the 90 days to 2026-08-01 · 38 employees
d4d9ab11-d684-4412-aa31-92245e826041,2026-08-01,ACC-00718,Prospect,Manufacturing,NURTURE,"middle of the range - worth a campaign, not a call",False,,False,0.07784778767648635,76,224,False,True,0.04589635135949855,0.04796175472597977,"third-party intent score of 70, against a typical 25 · in Manufacturing"
d4d9ab11-d684-4412-aa31-92245e826041,2026-08-01,ACC-00400,Suspect,Software,CALL_NOW,top tier and current (86 days old),True,2.0,False,0.1521825408659366,6,86,False,False,0.0990720134471605,0.09216566565495904,"4 logged sales contacts · third-party intent score of 24, against a typical 25 · 0 website visits in the 90 days to 2026-08-01"
d4d9ab11-d684-4412-aa31-92245e826041,2026-08-01,ACC-00021,Prospect,Professional Services,HOLD,below the level where this model's ranking carries any signal (score 0.040),False,,False,0.039653727681091884,290,99,True,True,0.0438649187950359,0.04584329718224122,nothing stands out
d4d9ab11-d684-4412-aa31-92245e826041,2026-08-01,ACC-00537,Prospect,Professional Services,HOLD,below the level where this model's ranking carries any signal (score 0.046),False,,False,0.046148349023860266,201,417,False,True,0.04303150895396505,0.0449740672629575,"third-party intent score of 10, against a typical 25"
d4d9ab11-d684-4412-aa31-92245e826041,2026-08-01,ACC-00232,Prospect,Retail,CALL_NOW,top tier and current (59 days old),False,,True,0.1408302146932598,10,59,False,False,0.09125512347962388,0.11300438831013225,"third-party intent score of 24, against a typical 25 · 3 people active in the trial · started a trial"
d4d9ab11-d684-4412-aa31-92245e826041,2026-08-01,ACC-01157,Suspect,Financial Services,NURTURE,"middle of the range - worth a campaign, not a call",False,,False,0.0742399253387425,88,130,False,True,0.0742399253387425,0.07570706774876776,"3 people active in the trial · started a trial · third-party intent score of 13, against a typical 25"
d4d9ab11-d684-4412-aa31-92245e826041,2026-08-01,ACC-00657,Prospect,Financial Services,CALL_WITH_CAVEAT,"top tier; information is 305 days old, so treat the activity as historical",True,5.0,False,0.14383239787817576,9,305,False,True,0.09331526056522955,0.08885328829565473,"third-party intent score of 24, against a typical 25 · 8 website visits in the 90 days to 2026-08-01 · 562 employees"
d4d9ab11-d684-4412-aa31-92245e826041,2026-08-01,ACC-00086,Prospect,Professional Services,HOLD,below the level where this model's ranking carries any signal (score 0.065),False,,False,0.06541165661116945,108,109,False,True,0.06541165661116945,0.06829241677056881,"started a trial · 3 people active in the trial · third-party intent score of 18, against a typical 25"
d4d9ab11-d684-4412-aa31-92245e826041,2026-08-01,ACC-00697,Former Customer,Financial Services,HOLD,below the level where this model's ranking carries any signal (score 0.041),False,,False,0.04146825696219563,272,539,True,True,0.04501104925329573,0.04792692233612977,listed as a Former Customer
d4d9ab11-d684-4412-aa31-92245e826041,2026-08-01,ACC-00870,Suspect,Software,HOLD,below the level where this model's ranking carries any signal (score 0.056),False,,False,0.05552714020210112,144,127,False,False,0.06416634584074092,0.05546626030051261,4 logged sales contacts
d4d9ab11-d684-4412-aa31-92245e826041,2026-08-01,ACC-01337,Prospect,Software,HOLD,below the level where this model's ranking carries any signal (score 0.056),False,,False,0.055794870024035784,142,130,False,True,0.055794870024035784,0.05429298273190235,"started a trial · third-party intent score of 15, against a typical 25"
d4d9ab11-d684-4412-aa31-92245e826041,2026-08-01,ACC-00043,Suspect,Manufacturing,HOLD,below the level where this model's ranking carries any signal (score 0.048),False,,False,0.04796175472597977,182,34,False,False,0.04727625781623265,0.04796175472597977,"third-party intent score of 44, against a typical 25"
d4d9ab11-d684-4412-aa31-92245e826041,2026-08-01,ACC-01212,Prospect,Software,HOLD,below the level where this model's ranking carries any signal (score 0.050),False,,False,0.049936573321390496,167,86,False,False,0.04657637152526574,0.04725222353561751,"third-party intent score of 8, against a typical 25 · 2 logged sales contacts"
d4d9ab11-d684-4412-aa31-92245e826041,2026-08-01,ACC-00864,Suspect,Retail,HOLD,below the level where this model's ranking carries any signal (score 0.042),False,,False,0.041674142888495504,264,3,True,True,0.04608960271064684,0.05913589672651227,nothing stands out
d4d9ab11-d684-4412-aa31-92245e826041,2026-08-01,ACC-01434,Suspect,Financial Services,HOLD,below the level where this model's ranking carries any signal (score 0.054),False,,False,0.05402246211682925,151,198,False,True,0.06108467116330271,0.06230933514568194,700 employees · 0 website visits in the 90 days to 2026-08-01
d4d9ab11-d684-4412-aa31-92245e826041,2026-08-01,ACC-01464,Suspect,Professional Services,HOLD,below the level where this model's ranking carries any signal (score 0.047),False,,False,0.047191202610269586,191,66,False,False,0.0441243072986949,0.04190574300468297,"third-party intent score of 19, against a typical 25"
d4d9ab11-d684-4412-aa31-92245e826041,2026-08-01,ACC-01257,Suspect,Financial Services,HOLD,below the level where this model's ranking carries any signal (score 0.048),False,,False,0.04816326366723395,180,421,False,True,0.04608960271064684,0.04816326366723395,"third-party intent score of 38, against a typical 25"
d4d9ab11-d684-4412-aa31-92245e826041,2026-08-01,ACC-00940,Former Customer,Financial Services,HOLD,below the level where this model's ranking carries any signal (score 0.043),False,,False,0.043495204267301246,232,86,True,True,0.04608960271064684,0.050253014886932776,listed as a Former Customer
d4d9ab11-d684-4412-aa31-92245e826041,2026-08-01,ACC-00527,Suspect,Retail,NURTURE,"middle of the range - worth a campaign, not a call",False,,False,0.09929880086327554,38,343,False,False,0.11392675112275247,0.12032404207627967,5 logged sales contacts · 0 website visits in the 90 days to 2026-08-01 · 107 employees
d4d9ab11-d684-4412-aa31-92245e826041,2026-08-01,ACC-00018,Prospect,Retail,HOLD,below the level where this model's ranking carries any signal (score 0.041),False,,False,0.04088057695028009,278,568,True,True,0.04521592393009381,0.058029955787361205,nothing stands out
d4d9ab11-d684-4412-aa31-92245e826041,2026-08-01,ACC-00418,Suspect,Financial Services,HOLD,below the level where this model's ranking carries any signal (score 0.055),False,,False,0.05528765249595287,147,180,True,False,0.06250432815985645,0.063755521642341,started a trial · 0 website visits in the 90 days to 2026-08-01
d4d9ab11-d684-4412-aa31-92245e826041,2026-08-01,ACC-00687,Prospect,Manufacturing,HOLD,below the level where this model's ranking carries any signal (score 0.066),False,,False,0.0663153776279458,106,138,True,True,0.07314236277893066,0.0763357782928497,8 website visits in the 90 days to 2026-08-01
d4d9ab11-d684-4412-aa31-92245e826041,2026-08-01,ACC-00392,Prospect,Retail,HOLD,below the level where this model's ranking carries any signal (score 0.060),False,,False,0.06009750825384082,124,171,False,True,0.046849631525165004,0.06009750825384082,"third-party intent score of 48, against a typical 25 · in Retail · 6 website visits in the 90 days to 2026-08-01"
d4d9ab11-d684-4412-aa31-92245e826041,2026-08-01,ACC-01334,Suspect,Retail,NURTURE,"middle of the range - worth a campaign, not a call",False,,False,0.08175445106980246,71,281,False,True,0.04725622728006421,0.060611767516801904,"third-party intent score of 55, against a typical 25 · in Retail · 0 website visits in the 90 days to 2026-08-01"
d4d9ab11-d684-4412-aa31-92245e826041,2026-08-01,ACC-01064,Prospect,Retail,CALL_WITH_CAVEAT,"top tier; information is 94 days old, so treat the activity as historical",False,,True,0.18692811910966464,3,94,False,False,0.12375777807451874,0.13938878149495196,"third-party intent score of 62, against a typical 25 · 5 logged sales contacts · 0 website visits in the 90 days to 2026-08-01"
d4d9ab11-d684-4412-aa31-92245e826041,2026-08-01,ACC-00776,Suspect,Financial Services,HOLD,below the level where this model's ranking carries any signal (score 0.058),False,,False,0.05839778385725003,127,118,False,True,0.06108467116330271,0.06230933514568194,"1909 employees · third-party intent score of 31, against a typical 25 · 0 website visits in the 90 days to 2026-08-01"
d4d9ab11-d684-4412-aa31-92245e826041,2026-08-01,ACC-00423,Former Customer,Financial Services,HOLD,below the level where this model's ranking carries any signal (score 0.049),False,,False,0.04941650725461197,170,95,False,True,0.04608960271064684,0.050253014886932776,"third-party intent score of 11, against a typical 25"
d4d9ab11-d684-4412-aa31-92245e826041,2026-08-01,ACC-01496,Former Customer,Retail,CALL_WITH_CAVEAT,"top tier; information is 113 days old, so treat the activity as historical",True,16.0,False,0.1093178941909934,27,113,False,True,0.08468023629730706,0.1093178941909934,"13 website visits in the 90 days to 2026-08-01 · third-party intent score of 38, against a typical 25 · in Retail"
d4d9ab11-d684-4412-aa31-92245e826041,2026-08-01,ACC-00416,Prospect,Manufacturing,HOLD,below the level where this model's ranking carries any signal (score 0.047),False,,False,0.04693483750103312,195,70,False,False,0.04796581556325772,0.050119455763830645,"third-party intent score of 27, against a typical 25"
d4d9ab11-d684-4412-aa31-92245e826041,2026-08-01,ACC-00041,Prospect,Professional Services,HOLD,below the level where this model's ranking carries any signal (score 0.070),False,,False,0.07006174329264118,99,123,False,False,0.06544060935190295,0.06483686698203299,"started a trial · third-party intent score of 12, against a typical 25 · in Professional Services"
d4d9ab11-d684-4412-aa31-92245e826041,2026-08-01,ACC-00625,Prospect,Software,HOLD,below the level where this model's ranking carries any signal (score 0.042),False,,False,0.041674142888495504,265,62,True,True,0.04608960271064684,0.04816326366723395,nothing stands out
d4d9ab11-d684-4412-aa31-92245e826041,2026-08-01,ACC-00431,Prospect,Manufacturing,HOLD,below the level where this model's ranking carries any signal (score 0.072),False,,False,0.07158461603440144,93,73,True,False,0.08306975877418496,0.07718336629993228,6 logged sales contacts · in Manufacturing
d4d9ab11-d684-4412-aa31-92245e826041,2026-08-01,ACC-00498,Prospect,Financial Services,HOLD,below the level where this model's ranking carries any signal (score 0.057),False,,False,0.057175315707558697,133,263,False,True,0.06312497248117424,0.06591212836165154,started a trial · 3 people active in the trial
d4d9ab11-d684-4412-aa31-92245e826041,2026-08-01,ACC-00237,Suspect,Software,HOLD,below the level where this model's ranking carries any signal (score 0.042),False,,False,0.041921144569072595,258,83,True,True,0.04636150866164821,0.048446781882751117,nothing stands out
d4d9ab11-d684-4412-aa31-92245e826041,2026-08-01,ACC-00362,Suspect,Financial Services,HOLD,below the level where this model's ranking carries any signal (score 0.049),False,,False,0.0486749335358182,175,75,False,False,0.0486749335358182,0.049379659842334306,"third-party intent score of 16, against a typical 25 · 3 logged sales contacts"
d4d9ab11-d684-4412-aa31-92245e826041,2026-08-01,ACC-00228,Prospect,Healthcare,HOLD,below the level where this model's ranking carries any signal (score 0.043),False,,False,0.042932817864562246,241,72,True,False,0.04747503029634021,0.04816326366723395,2 logged sales contacts
d4d9ab11-d684-4412-aa31-92245e826041,2026-08-01,ACC-01129,Prospect,Manufacturing,CALL_WITH_CAVEAT,"top tier; information is 126 days old, so treat the activity as historical",True,13.0,False,0.11346219942801374,21,126,False,True,0.0470583256440241,0.049173324573055385,"third-party intent score of 78, against a typical 25 · 5 website visits in the 90 days to 2026-08-01 · in Manufacturing"
d4d9ab11-d684-4412-aa31-92245e826041,2026-08-01,ACC-00539,Prospect,Retail,HOLD,below the level where this model's ranking carries any signal (score 0.042),False,,False,0.04187260651576102,261,73,True,False,0.046308077867433996,0.053751474755006245,2 logged sales contacts
d4d9ab11-d684-4412-aa31-92245e826041,2026-08-01,ACC-00768,Prospect,Manufacturing,CALL_WITH_CAVEAT,"top tier; information is 213 days old, so treat the activity as historical",False,,True,0.1093010022519275,28,213,True,False,0.11998456517212076,0.12494742322445744,14 website visits in the 90 days to 2026-08-01 · started a trial · in Manufacturing
d4d9ab11-d684-4412-aa31-92245e826041,2026-08-01,ACC-00208,Prospect,Healthcare,HOLD,below the level where this model's ranking carries any signal (score 0.054),False,,False,0.054188462657601535,148,384,True,False,0.05984703702070056,0.06249911727909412,started a trial
d4d9ab11-d684-4412-aa31-92245e826041,2026-08-01,ACC-01027,Prospect,Retail,HOLD,below the level where this model's ranking carries any signal (score 0.041),False,,False,0.04088057695028009,279,347,True,True,0.04521592393009381,0.058029955787361205,nothing stands out
d4d9ab11-d684-4412-aa31-92245e826041,2026-08-01,ACC-00752,Suspect,Professional Services,HOLD,below the level where this model's ranking carries any signal (score 0.043),False,,False,0.043172154381813155,238,133,False,False,0.0441243072986949,0.04611382029664017,"third-party intent score of 31, against a typical 25"
d4d9ab11-d684-4412-aa31-92245e826041,2026-08-01,ACC-01151,Prospect,Retail,HOLD,below the level where this model's ranking carries any signal (score 0.069),False,,False,0.06909317629678764,102,61,False,True,0.056860785747665704,0.07272356849355179,"third-party intent score of 8, against a typical 25 · started a trial · 0 website visits in the 90 days to 2026-08-01"
d4d9ab11-d684-4412-aa31-92245e826041,2026-08-01,ACC-01459,Suspect,Software,HOLD,below the level where this model's ranking carries any signal (score 0.069),False,,False,0.06935069797198619,101,93,False,False,0.08190665817818156,0.06935069797198619,7 logged sales contacts · 128 employees
d4d9ab11-d684-4412-aa31-92245e826041,2026-08-01,ACC-00183,Prospect,Retail,NURTURE,"middle of the range - worth a campaign, not a call",False,,False,0.09390799678253292,49,447,False,True,0.048751849173706736,0.05824582980970403,"third-party intent score of 68, against a typical 25 · in Retail · 0 website visits in the 90 days to 2026-08-01"
d4d9ab11-d684-4412-aa31-92245e826041,2026-08-01,ACC-00525,Prospect,Retail,NURTURE,"middle of the range - worth a campaign, not a call",False,,False,0.08814372839602577,59,89,False,False,0.08999443267449211,0.11398357463824202,"3 people active in the trial · started a trial · third-party intent score of 28, against a typical 25"
d4d9ab11-d684-4412-aa31-92245e826041,2026-08-01,ACC-01092,Prospect,Retail,HOLD,below the level where this model's ranking carries any signal (score 0.042),False,,False,0.041674142888495504,266,183,True,True,0.04608960271064684,0.05913589672651227,nothing stands out
d4d9ab11-d684-4412-aa31-92245e826041,2026-08-01,ACC-00800,Suspect,Retail,HOLD,below the level where this model's ranking carries any signal (score 0.046),False,,False,0.0458414895354208,203,360,False,True,0.046849631525165004,0.06009750825384082,"third-party intent score of 32, against a typical 25 · 6 website visits in the 90 days to 2026-08-01"
d4d9ab11-d684-4412-aa31-92245e826041,2026-08-01,ACC-01385,Prospect,Professional Services,HOLD,below the level where this model's ranking carries any signal (score 0.039),False,,False,0.03889707325698896,298,0,False,True,0.04303150895396505,0.0449740672629575,nothing stands out
d4d9ab11-d684-4412-aa31-92245e826041,2026-08-01,ACC-00233,Prospect,Manufacturing,NURTURE,"middle of the range - worth a campaign, not a call",False,,False,0.07996952485132162,72,161,False,True,0.0749399540255861,0.0782052306963067,"8 website visits in the 90 days to 2026-08-01 · third-party intent score of 22, against a typical 25"
d4d9ab11-d684-4412-aa31-92245e826041,2026-08-01,ACC-00778,Prospect,Software,HOLD,below the level where this model's ranking carries any signal (score 0.051),False,,False,0.050896603887925856,159,675,False,False,0.04747503029634021,0.04816326366723395,"third-party intent score of 10, against a typical 25 · 2 logged sales contacts"
d4d9ab11-d684-4412-aa31-92245e826041,2026-08-01,ACC-01352,Former Customer,Financial Services,HOLD,below the level where this model's ranking carries any signal (score 0.061),False,,False,0.06079311905488056,121,96,True,False,0.06434988770785775,0.06343633076558884,started a trial · listed as a Former Customer · 3 logged sales contacts
d4d9ab11-d684-4412-aa31-92245e826041,2026-08-01,ACC-00966,Prospect,Retail,CALL_WITH_CAVEAT,"top tier; information is 207 days old, so treat the activity as historical",True,6.0,False,0.13351038899325313,12,207,False,True,0.07275579828076513,0.08649926227284249,"8 website visits in the 90 days to 2026-08-01 · third-party intent score of 52, against a typical 25 · in Retail"
d4d9ab11-d684-4412-aa31-92245e826041,2026-08-01,ACC-00682,Former Customer,Healthcare,HOLD,below the level where this model's ranking carries any signal (score 0.059),False,,False,0.05936432942600208,125,383,False,False,0.06575898823186518,0.05929950657958536,4 logged sales contacts · listed as a Former Customer
d4d9ab11-d684-4412-aa31-92245e826041,2026-08-01,ACC-01185,Former Customer,Manufacturing,HOLD,below the level where this model's ranking carries any signal (score 0.046),False,,False,0.04553259304095147,207,69,False,False,0.04940472010605883,0.05106286736734789,listed as a Former Customer · 2 logged sales contacts
d4d9ab11-d684-4412-aa31-92245e826041,2026-08-01,ACC-00265,Suspect,Professional Services,CALL_WITH_CAVEAT,"top tier; information is 93 days old, so treat the activity as historical",True,7.0,False,0.1221454673454665,14,93,True,False,0.14356507432648913,0.131140093038664,5 logged sales contacts · 0 website visits in the 90 days to 2026-08-01 · started a trial
d4d9ab11-d684-4412-aa31-92245e826041,2026-08-01,ACC-00042,Prospect,Software,NURTURE,"middle of the range - worth a campaign, not a call",False,,False,0.08824699546555363,58,617,False,False,0.09217280992011892,0.09134654740307009,"4 people active in the trial · started a trial · third-party intent score of 34, against a typical 25"
d4d9ab11-d684-4412-aa31-92245e826041,2026-08-01,ACC-01299,Suspect,Retail,HOLD,below the level where this model's ranking carries any signal (score 0.043),False,,False,0.04299880193329349,240,185,False,True,0.04501104925329573,0.05642306355156787,"third-party intent score of 32, against a typical 25"
d4d9ab11-d684-4412-aa31-92245e826041,2026-08-01,ACC-00359,Former Customer,Financial Services,HOLD,below the level where this model's ranking carries any signal (score 0.056),False,,False,0.05614273861928683,141,94,False,True,0.04608960271064684,0.0467890608215348,"third-party intent score of 8, against a typical 25 · 0 website visits in the 90 days to 2026-08-01"
d4d9ab11-d684-4412-aa31-92245e826041,2026-08-01,ACC-01429,Suspect,Software,NURTURE,"middle of the range - worth a campaign, not a call",False,,False,0.08275530760158395,69,38,True,False,0.09584766541767402,0.08914384785341772,5 logged sales contacts · started a trial
d4d9ab11-d684-4412-aa31-92245e826041,2026-08-01,ACC-01293,Suspect,Retail,HOLD,below the level where this model's ranking carries any signal (score 0.052),False,,False,0.05204090366953759,155,224,False,False,0.0486749335358182,0.060611767516801904,"third-party intent score of 22, against a typical 25 · 2 logged sales contacts"
d4d9ab11-d684-4412-aa31-92245e826041,2026-08-01,ACC-00876,Prospect,Financial Services,HOLD,below the level where this model's ranking carries any signal (score 0.042),False,,False,0.042164407031944365,247,94,True,False,0.04775470041351147,0.047305865574958514,3 logged sales contacts
d4d9ab11-d684-4412-aa31-92245e826041,2026-08-01,ACC-01235,Prospect,Healthcare,HOLD,below the level where this model's ranking carries any signal (score 0.042),False,,False,0.04211633736574739,250,147,True,False,0.04657637152526574,0.04725222353561751,3 logged sales contacts
d4d9ab11-d684-4412-aa31-92245e826041,2026-08-01,ACC-01269,Suspect,Manufacturing,HOLD,below the level where this model's ranking carries any signal (score 0.060),False,,False,0.06040697035214475,122,598,False,True,0.06040697035214475,0.06308219876893124,"started a trial · third-party intent score of 15, against a typical 25 · in Manufacturing"
d4d9ab11-d684-4412-aa31-92245e826041,2026-08-01,ACC-00701,Prospect,Financial Services,HOLD,below the level where this model's ranking carries any signal (score 0.043),False,,False,0.04274989369118982,243,69,False,True,0.04501104925329573,0.04274989369118982,"third-party intent score of 39, against a typical 25"
d4d9ab11-d684-4412-aa31-92245e826041,2026-08-01,ACC-00619,Prospect,Financial Services,HOLD,below the level where this model's ranking carries any signal (score 0.045),False,,False,0.044887585320497324,217,311,False,False,0.0486749335358182,0.044887585320497324,"third-party intent score of 48, against a typical 25"
d4d9ab11-d684-4412-aa31-92245e826041,2026-08-01,ACC-00124,Prospect,Healthcare,HOLD,below the level where this model's ranking carries any signal (score 0.047),False,,False,0.04725222353561751,188,107,False,True,0.04521592393009381,0.04725222353561751,"third-party intent score of 45, against a typical 25"
d4d9ab11-d684-4412-aa31-92245e826041,2026-08-01,ACC-00901,Prospect,Financial Services,HOLD,below the level where this model's ranking carries any signal (score 0.042),False,,False,0.04211633736574739,251,117,True,False,0.04657637152526574,0.04725222353561751,2 logged sales contacts
d4d9ab11-d684-4412-aa31-92245e826041,2026-08-01,ACC-01193,Former Customer,Professional Services,HOLD,below the level where this model's ranking carries any signal (score 0.042),False,,False,0.04187422559363654,260,87,False,True,0.04512784016525198,0.04473158766779192,452 employees · listed as a Former Customer
d4d9ab11-d684-4412-aa31-92245e826041,2026-08-01,ACC-01349,Suspect,Manufacturing,HOLD,below the level where this model's ranking carries any signal (score 0.048),False,,False,0.04796175472597977,183,89,False,True,0.04589635135949855,0.04796175472597977,"third-party intent score of 36, against a typical 25"
d4d9ab11-d684-4412-aa31-92245e826041,2026-08-01,ACC-01283,Suspect,Retail,CALL_WITH_CAVEAT,"top tier; information is 122 days old, so treat the activity as historical",False,,True,0.1756819094801484,4,122,False,False,0.07263223670093191,0.08241325120959045,"third-party intent score of 61, against a typical 25 · 3 website visits in the 90 days to 2026-08-01 · 4 logged sales contacts"
d4d9ab11-d684-4412-aa31-92245e826041,2026-08-01,ACC-00402,Prospect,Professional Services,HOLD,below the level where this model's ranking carries any signal (score 0.039),False,,False,0.038534870243063554,299,145,True,True,0.04366588560533657,0.04455789978742647,nothing stands out
d4d9ab11-d684-4412-aa31-92245e826041,2026-08-01,ACC-00366,Suspect,Professional Services,HOLD,below the level where this model's ranking carries any signal (score 0.052),False,,False,0.05245428813947127,154,169,False,True,0.04303150895396505,0.0449740672629575,"third-party intent score of 12, against a typical 25"
d4d9ab11-d684-4412-aa31-92245e826041,2026-08-01,ACC-00629,Prospect,Retail,NURTURE,"middle of the range - worth a campaign, not a call",False,,False,0.07502559996471315,86,31,True,True,0.08266988385239853,0.10493171050015164,9 website visits in the 90 days to 2026-08-01
d4d9ab11-d684-4412-aa31-92245e826041,2026-08-01,ACC-00080,Former Customer,Manufacturing,HOLD,below the level where this model's ranking carries any signal (score 0.047),False,,False,0.0470583256440241,194,79,False,True,0.0470583256440241,0.05130453901255728,"third-party intent score of 15, against a typical 25"
d4d9ab11-d684-4412-aa31-92245e826041,2026-08-01,ACC-00889,Prospect,Software,HOLD,below the level where this model's ranking carries any signal (score 0.047),False,,False,0.04725222353561751,189,44,False,False,0.04521592393009381,0.04725222353561751,"third-party intent score of 42, against a typical 25"
d4d9ab11-d684-4412-aa31-92245e826041,2026-08-01,ACC-01225,Prospect,Financial Services,HOLD,below the level where this model's ranking carries any signal (score 0.047),False,,False,0.04657637152526574,198,53,False,False,0.04657637152526574,0.04725222353561751,"third-party intent score of 13, against a typical 25 · 3 logged sales contacts"
d4d9ab11-d684-4412-aa31-92245e826041,2026-08-01,ACC-00470,Suspect,Retail,HOLD,below the level where this model's ranking carries any signal (score 0.042),False,,False,0.041674142888495504,267,88,True,True,0.04608960271064684,0.05913589672651227,nothing stands out
d4d9ab11-d684-4412-aa31-92245e826041,2026-08-01,ACC-00504,Prospect,Software,HOLD,below the level where this model's ranking carries any signal (score 0.041),False,,False,0.04088057695028009,280,591,True,True,0.04521592393009381,0.04725222353561751,nothing stands out
d4d9ab11-d684-4412-aa31-92245e826041,2026-08-01,ACC-00479,Prospect,Manufacturing,HOLD,below the level where this model's ranking carries any signal (score 0.066),False,,False,0.0663891527055778,105,100,False,True,0.0749399540255861,0.0712875351502652,8 website visits in the 90 days to 2026-08-01
d4d9ab11-d684-4412-aa31-92245e826041,2026-08-01,ACC-00805,Prospect,Financial Services,HOLD,below the level where this model's ranking carries any signal (score 0.042),False,,False,0.041674142888495504,268,285,True,True,0.04608960271064684,0.04816326366723395,nothing stands out
d4d9ab11-d684-4412-aa31-92245e826041,2026-08-01,ACC-00617,Prospect,Retail,HOLD,below the level where this model's ranking carries any signal (score 0.039),False,,False,0.03915665610199495,295,377,False,False,0.04300966100472777,0.05144587972151947,nothing stands out
d4d9ab11-d684-4412-aa31-92245e826041,2026-08-01,ACC-00586,Prospect,Healthcare,HOLD,below the level where this model's ranking carries any signal (score 0.046),False,,False,0.045573828573704685,206,157,False,False,0.04657637152526574,0.04725222353561751,"third-party intent score of 27, against a typical 25 · 2 logged sales contacts"
d4d9ab11-d684-4412-aa31-92245e826041,2026-08-01,ACC-01354,Former Customer,Financial Services,HOLD,below the level where this model's ranking carries any signal (score 0.043),False,,False,0.043495204267301246,233,113,True,True,0.04608960271064684,0.050253014886932776,listed as a Former Customer
d4d9ab11-d684-4412-aa31-92245e826041,2026-08-01,ACC-00433,Former Customer,Manufacturing,HOLD,below the level where this model's ranking carries any signal (score 0.057),False,,False,0.05675056282920454,136,515,False,True,0.057246904351564626,0.05675056282920454,"started a trial · in Manufacturing · third-party intent score of 36, against a typical 25"
d4d9ab11-d684-4412-aa31-92245e826041,2026-08-01,ACC-00962,Prospect,Software,NURTURE,"middle of the range - worth a campaign, not a call",False,,False,0.09170971703162659,53,321,False,True,0.06469355425457383,0.06754497450466718,"third-party intent score of 58, against a typical 25 · started a trial"
d4d9ab11-d684-4412-aa31-92245e826041,2026-08-01,ACC-00093,Prospect,Healthcare,HOLD,below the level where this model's ranking carries any signal (score 0.044),False,,False,0.04429563603191208,219,403,False,False,0.04636563196394619,0.045929222941666716,"third-party intent score of 28, against a typical 25 · 2 logged sales contacts"
d4d9ab11-d684-4412-aa31-92245e826041,2026-08-01,ACC-00552,Prospect,Software,HOLD,below the level where this model's ranking carries any signal (score 0.068),False,,False,0.06781443943149847,104,82,False,True,0.055794870024035784,0.058278512472688074,"third-party intent score of 10, against a typical 25 · started a trial"
d4d9ab11-d684-4412-aa31-92245e826041,2026-08-01,ACC-00315,Suspect,Retail,HOLD,below the level where this model's ranking carries any signal (score 0.062),False,,False,0.062491824676382424,118,75,True,False,0.07263223670093191,0.08241325120959045,4 logged sales contacts
d4d9ab11-d684-4412-aa31-92245e826041,2026-08-01,ACC-00288,Suspect,Manufacturing,HOLD,below the level where this model's ranking carries any signal (score 0.046),False,,False,0.04604590978124484,202,67,False,True,0.0470583256440241,0.049173324573055385,"third-party intent score of 30, against a typical 25"
d4d9ab11-d684-4412-aa31-92245e826041,2026-08-01,ACC-00386,Prospect,Healthcare,HOLD,below the level where this model's ranking carries any signal (score 0.043),False,,False,0.04318694349159036,236,202,True,False,0.04775470041351147,0.048446781882751117,2 logged sales contacts
d4d9ab11-d684-4412-aa31-92245e826041,2026-08-01,ACC-00958,Former Customer,Manufacturing,RE_ENRICH,scores in the top tier but its information is 409 days old; refresh before calling,False,,False,0.11189924570400157,23,409,True,False,0.12401897745733012,0.1202427024566355,5 logged sales contacts · 0 website visits in the 90 days to 2026-08-01 · 106 employees
d4d9ab11-d684-4412-aa31-92245e826041,2026-08-01,ACC-01340,Prospect,Manufacturing,HOLD,below the level where this model's ranking carries any signal (score 0.056),False,,False,0.05568157707842572,143,147,False,False,0.0520930707696034,0.05160567040378141,"third-party intent score of 23, against a typical 25 · 460 employees · 3 logged sales contacts"
d4d9ab11-d684-4412-aa31-92245e826041,2026-08-01,ACC-01415,Prospect,Professional Services,RE_ENRICH,scores in the top tier but its information is 437 days old; refresh before calling,False,,False,0.0978322737413732,39,437,True,False,0.11554948881371807,0.10525116949688389,9 logged sales contacts · started a trial · 143 employees
d4d9ab11-d684-4412-aa31-92245e826041,2026-08-01,ACC-01404,Suspect,Software,NURTURE,"middle of the range - worth a campaign, not a call",False,,False,0.08423324074642272,64,105,True,True,0.09484883692413931,0.09032083985610216,9 website visits in the 90 days to 2026-08-01 · started a trial
d4d9ab11-d684-4412-aa31-92245e826041,2026-08-01,ACC-01165,Prospect,Healthcare,HOLD,below the level where this model's ranking carries any signal (score 0.042),False,,False,0.04211633736574739,252,120,True,False,0.04657637152526574,0.04725222353561751,2 logged sales contacts
d4d9ab11-d684-4412-aa31-92245e826041,2026-08-01,ACC-01386,Suspect,Healthcare,NURTURE,"middle of the range - worth a campaign, not a call",False,,False,0.0934513979973762,50,355,False,True,0.08961143662129527,0.0934513979973762,"9 website visits in the 90 days to 2026-08-01 · third-party intent score of 36, against a typical 25"
d4d9ab11-d684-4412-aa31-92245e826041,2026-08-01,ACC-01416,Prospect,Professional Services,HOLD,below the level where this model's ranking carries any signal (score 0.071),False,,False,0.07104518709883523,94,189,False,False,0.07642024309649477,0.07096857167165134,"4 logged sales contacts · third-party intent score of 30, against a typical 25 · 7 website visits in the 90 days to 2026-08-01"
d4d9ab11-d684-4412-aa31-92245e826041,2026-08-01,ACC-00067,Prospect,Retail,HOLD,below the level where this model's ranking carries any signal (score 0.058),False,,False,0.0575535356773308,130,183,False,False,0.04726042621333832,0.05750024955761577,"third-party intent score of 7, against a typical 25 · 3 logged sales contacts · 0 website visits in the 90 days to 2026-08-01"
d4d9ab11-d684-4412-aa31-92245e826041,2026-08-01,ACC-00597,Suspect,Retail,HOLD,below the level where this model's ranking carries any signal (score 0.042),False,,False,0.04203954397404417,255,453,True,True,0.047614105545985226,0.05557141638500392,5 marketing leads
d4d9ab11-d684-4412-aa31-92245e826041,2026-08-01,ACC-01008,Prospect,Professional Services,NURTURE,"middle of the range - worth a campaign, not a call",False,,False,0.08684647485124945,63,79,True,True,0.09557073246285988,0.09310373337224374,10 website visits in the 90 days to 2026-08-01 · 30 employees
d4d9ab11-d684-4412-aa31-92245e826041,2026-08-01,ACC-00728,Prospect,Software,CALL_NOW,top tier and current (73 days old),True,12.0,False,0.11565648147974569,20,73,False,True,0.10837849537846105,0.11292289808768276,"10 website visits in the 90 days to 2026-08-01 · 32 employees · third-party intent score of 9, against a typical 25"
d4d9ab11-d684-4412-aa31-92245e826041,2026-08-01,ACC-00732,Suspect,Software,HOLD,below the level where this model's ranking carries any signal (score 0.042),False,,False,0.04211633736574739,253,474,True,False,0.04657637152526574,0.04725222353561751,3 logged sales contacts
d4d9ab11-d684-4412-aa31-92245e826041,2026-08-01,ACC-00558,Prospect,Software,HOLD,below the level where this model's ranking carries any signal (score 0.063),False,,False,0.06256893131831724,115,112,False,False,0.06315298147502531,0.06256893131831724,"started a trial · third-party intent score of 41, against a typical 25"
d4d9ab11-d684-4412-aa31-92245e826041,2026-08-01,ACC-00735,Prospect,Financial Services,HOLD,below the level where this model's ranking carries any signal (score 0.071),False,,False,0.07056994818026825,96,350,True,False,0.08190665817818156,0.07098367431962779,6 logged sales contacts · 103 employees
d4d9ab11-d684-4412-aa31-92245e826041,2026-08-01,ACC-01442,Prospect,Healthcare,HOLD,below the level where this model's ranking carries any signal (score 0.051),False,,False,0.05097705590606378,158,36,False,False,0.052091972845098436,0.05284342372656585,"7 website visits in the 90 days to 2026-08-01 · third-party intent score of 30, against a typical 25 · 2 logged sales contacts"
d4d9ab11-d684-4412-aa31-92245e826041,2026-08-01,ACC-01144,Suspect,Software,HOLD,below the level where this model's ranking carries any signal (score 0.043),False,,False,0.04318694349159036,237,35,True,False,0.04775470041351147,0.048446781882751117,2 logged sales contacts
d4d9ab11-d684-4412-aa31-92245e826041,2026-08-01,ACC-01287,Suspect,Financial Services,HOLD,below the level where this model's ranking carries any signal (score 0.042),False,,False,0.04211633736574739,254,37,True,False,0.04657637152526574,0.04725222353561751,3 logged sales contacts
d4d9ab11-d684-4412-aa31-92245e826041,2026-08-01,ACC-01289,Prospect,Financial Services,NURTURE,"middle of the range - worth a campaign, not a call",False,,False,0.08355112935570029,67,46,True,False,0.09675610966830406,0.0899950776683558,4 logged sales contacts · 0 website visits in the 90 days to 2026-08-01
d4d9ab11-d684-4412-aa31-92245e826041,2026-08-01,ACC-00702,Prospect,Professional Services,HOLD,below the level where this model's ranking carries any signal (score 0.045),False,,False,0.0449740672629575,214,351,False,False,0.04303150895396505,0.0449740672629575,"third-party intent score of 42, against a typical 25"
d4d9ab11-d684-4412-aa31-92245e826041,2026-08-01,ACC-01178,Prospect,Manufacturing,HOLD,below the level where this model's ranking carries any signal (score 0.043),False,,False,0.0425542006373096,246,96,True,True,0.0470583256440241,0.049173324573055385,nothing stands out
d4d9ab11-d684-4412-aa31-92245e826041,2026-08-01,ACC-01164,Suspect,Retail,HOLD,below the level where this model's ranking carries any signal (score 0.044),False,,False,0.0440931309640776,223,156,False,True,0.048751849173706736,0.05824582980970403,5 marketing leads
d4d9ab11-d684-4412-aa31-92245e826041,2026-08-01,ACC-00717,Prospect,Healthcare,HOLD,below the level where this model's ranking carries any signal (score 0.042),False,,False,0.041921144569072595,259,143,True,False,0.04636150866164821,0.048446781882751117,nothing stands out
d4d9ab11-d684-4412-aa31-92245e826041,2026-08-01,ACC-00260,Prospect,Financial Services,NURTURE,"middle of the range - worth a campaign, not a call",False,,False,0.1061160830407632,32,427,False,False,0.11381939308919573,0.10600596284061276,"12 website visits in the 90 days to 2026-08-01 · 6 logged sales contacts · third-party intent score of 31, against a typical 25"
d4d9ab11-d684-4412-aa31-92245e826041,2026-08-01,ACC-00101,Former Customer,Manufacturing,NURTURE,"middle of the range - worth a campaign, not a call",False,,False,0.10684008407039038,30,140,False,False,0.11024819159307937,0.10684008407039038,"6 logged sales contacts · 0 website visits in the 90 days to 2026-08-01 · third-party intent score of 46, against a typical 25"
d4d9ab11-d684-4412-aa31-92245e826041,2026-08-01,ACC-00536,Prospect,Software,HOLD,below the level where this model's ranking carries any signal (score 0.046),False,,False,0.04575404761667955,204,106,True,False,0.050578966839296184,0.05284342372656585,7 website visits in the 90 days to 2026-08-01
d4d9ab11-d684-4412-aa31-92245e826041,2026-08-01,ACC-00323,Prospect,Healthcare,NURTURE,"middle of the range - worth a campaign, not a call",False,,False,0.07955427291334784,73,264,True,False,0.0921911087501347,0.08001613630134288,9 website visits in the 90 days to 2026-08-01 · 4 logged sales contacts
d4d9ab11-d684-4412-aa31-92245e826041,2026-08-01,ACC-00070,Prospect,Software,HOLD,below the level where this model's ranking carries any signal (score 0.058),False,,False,0.05754847747439209,131,124,False,True,0.04725622728006421,0.044887585320497324,"third-party intent score of 7, against a typical 25 · 0 website visits in the 90 days to 2026-08-01"
d4d9ab11-d684-4412-aa31-92245e826041,2026-08-01,ACC-00011,Suspect,Manufacturing,HOLD,below the level where this model's ranking carries any signal (score 0.057),False,,False,0.05665453010380998,137,148,True,True,0.06255358952310806,0.06531727601115712,started a trial · in Manufacturing · 7 website visits in the 90 days to 2026-08-01
d4d9ab11-d684-4412-aa31-92245e826041,2026-08-01,ACC-01373,Suspect,Software,HOLD,below the level where this model's ranking carries any signal (score 0.040),False,,False,0.03963352367175378,294,184,True,True,0.04384266709284382,0.042647977485411576,nothing stands out
d4d9ab11-d684-4412-aa31-92245e826041,2026-08-01,ACC-01043,Former Customer,Software,NURTURE,"middle of the range - worth a campaign, not a call",False,,False,0.08266988385239853,70,43,False,True,0.08266988385239853,0.08387567327910585,"10 website visits in the 90 days to 2026-08-01 · third-party intent score of 14, against a typical 25"
d4d9ab11-d684-4412-aa31-92245e826041,2026-08-01,ACC-00161,Former Customer,Professional Services,HOLD,below the level where this model's ranking carries any signal (score 0.041),False,,False,0.04060192462864469,284,71,True,False,0.04303150895396505,0.046932265646238515,listed as a Former Customer
d4d9ab11-d684-4412-aa31-92245e826041,2026-08-01,ACC-00205,Suspect,Retail,RE_ENRICH,scores in the top tier but its information is 419 days old; refresh before calling,False,,False,0.12890521444477065,13,419,False,False,0.04501104925329573,0.05642306355156787,"third-party intent score of 63, against a typical 25 · 5 website visits in the 90 days to 2026-08-01 · in Retail"
d4d9ab11-d684-4412-aa31-92245e826041,2026-08-01,ACC-00960,Suspect,Healthcare,HOLD,below the level where this model's ranking carries any signal (score 0.049),False,,False,0.04928605422917332,172,89,False,True,0.04608960271064684,0.04816326366723395,"third-party intent score of 20, against a typical 25"
d4d9ab11-d684-4412-aa31-92245e826041,2026-08-01,ACC-00802,Prospect,Software,NURTURE,"middle of the range - worth a campaign, not a call",False,,False,0.10216062385316477,36,113,False,True,0.057192426502955855,0.058343905330725664,"third-party intent score of 51, against a typical 25 · 5 website visits in the 90 days to 2026-08-01 · started a trial"
d4d9ab11-d684-4412-aa31-92245e826041,2026-08-01,ACC-01091,Prospect,Professional Services,HOLD,below the level where this model's ranking carries any signal (score 0.063),False,,False,0.06296333076285823,114,457,False,True,0.058934825969988947,0.06154912866758007,"started a trial · third-party intent score of 20, against a typical 25 · in Professional Services"
d4d9ab11-d684-4412-aa31-92245e826041,2026-08-01,ACC-00398,Suspect,Manufacturing,HOLD,below the level where this model's ranking carries any signal (score 0.070),False,,False,0.07033695634946249,98,129,True,True,0.0775435678970866,0.08091236632782331,started a trial · 3 people active in the trial · listed as a Suspect
d4d9ab11-d684-4412-aa31-92245e826041,2026-08-01,ACC-01353,Suspect,Financial Services,HOLD,below the level where this model's ranking carries any signal (score 0.043),False,,False,0.04344122402882725,234,269,True,False,0.04803452528580882,0.05019108787490342,6 website visits in the 90 days to 2026-08-01
d4d9ab11-d684-4412-aa31-92245e826041,2026-08-01,ACC-00748,Prospect,Professional Services,HOLD,below the level where this model's ranking carries any signal (score 0.044),False,,False,0.0441243072986949,222,137,False,True,0.0441243072986949,0.04611382029664017,"third-party intent score of 16, against a typical 25"
d4d9ab11-d684-4412-aa31-92245e826041,2026-08-01,ACC-00186,Suspect,Manufacturing,HOLD,below the level where this model's ranking carries any signal (score 0.066),False,,False,0.06610790942333937,107,590,False,False,0.07678703562147833,0.07131121827506044,4 logged sales contacts · 7 website visits in the 90 days to 2026-08-01
d4d9ab11-d684-4412-aa31-92245e826041,2026-08-01,ACC-00501,Suspect,Financial Services,NURTURE,"middle of the range - worth a campaign, not a call",False,,False,0.07643744130444105,81,129,False,False,0.04825674940703386,0.04557690944662963,"third-party intent score of 24, against a typical 25 · 6 website visits in the 90 days to 2026-08-01 · 2 logged sales contacts"
d4d9ab11-d684-4412-aa31-92245e826041,2026-08-01,ACC-00264,Suspect,Manufacturing,HOLD,below the level where this model's ranking carries any signal (score 0.064),False,,False,0.06427785553527147,110,45,False,True,0.061555252356198485,0.06427785553527147,"started a trial · third-party intent score of 37, against a typical 25 · in Manufacturing"
d4d9ab11-d684-4412-aa31-92245e826041,2026-08-01,ACC-00941,Prospect,Professional Services,HOLD,below the level where this model's ranking carries any signal (score 0.040),False,,False,0.039653727681091884,291,84,True,False,0.0438649187950359,0.04584329718224122,nothing stands out
d4d9ab11-d684-4412-aa31-92245e826041,2026-08-01,ACC-00828,Prospect,Healthcare,NURTURE,"middle of the range - worth a campaign, not a call",False,,False,0.10121894180391575,37,60,False,False,0.10872244317299021,0.10121894180391575,"5 logged sales contacts · 0 website visits in the 90 days to 2026-08-01 · third-party intent score of 39, against a typical 25"
d4d9ab11-d684-4412-aa31-92245e826041,2026-08-01,ACC-01100,Prospect,Software,NURTURE,"middle of the range - worth a campaign, not a call",False,,False,0.07562761093968497,83,71,False,True,0.08468023629730706,0.08059445551549758,9 website visits in the 90 days to 2026-08-01
d4d9ab11-d684-4412-aa31-92245e826041,2026-08-01,ACC-01333,Suspect,Manufacturing,NURTURE,"middle of the range - worth a campaign, not a call",False,,False,0.07499235535523835,87,100,True,False,0.08697302256630915,0.07542990431206249,4 logged sales contacts · 0 website visits in the 90 days to 2026-08-01 · in Manufacturing
d4d9ab11-d684-4412-aa31-92245e826041,2026-08-01,ACC-00659,Suspect,Financial Services,HOLD,below the level where this model's ranking carries any signal (score 0.041),False,,False,0.04088057695028009,281,130,True,True,0.04521592393009381,0.04725222353561751,nothing stands out
d4d9ab11-d684-4412-aa31-92245e826041,2026-08-01,ACC-00900,Suspect,Retail,HOLD,below the level where this model's ranking carries any signal (score 0.042),False,,False,0.0417254585415083,262,93,True,False,0.04726042621333832,0.05750024955761577,2 logged sales contacts
d4d9ab11-d684-4412-aa31-92245e826041,2026-08-01,ACC-00531,Prospect,Software,HOLD,below the level where this model's ranking carries any signal (score 0.055),False,,False,0.05536399783101281,146,89,True,True,0.06258997858937233,0.06384276983934471,started a trial · 496 employees · 0 website visits in the 90 days to 2026-08-01
d4d9ab11-d684-4412-aa31-92245e826041,2026-08-01,ACC-00686,Prospect,Professional Services,CALL_WITH_CAVEAT,"top tier; information is 143 days old, so treat the activity as historical",False,,True,0.11125287722673867,25,143,True,False,0.12822346282732403,0.11955462719297218,3 people active in the trial · 6 logged sales contacts · started a trial
d4d9ab11-d684-4412-aa31-92245e826041,2026-08-01,ACC-01456,Prospect,Manufacturing,HOLD,below the level where this model's ranking carries any signal (score 0.047),False,,False,0.047152226083723534,192,96,False,False,0.04818773790039957,0.04888577295220728,"third-party intent score of 33, against a typical 25 · 3 logged sales contacts"
d4d9ab11-d684-4412-aa31-92245e826041,2026-08-01,ACC-00581,Suspect,Software,HOLD,below the level where this model's ranking carries any signal (score 0.071),False,,False,0.07055151330668906,97,137,True,False,0.08188552274842166,0.0760760838692745,5 logged sales contacts
d4d9ab11-d684-4412-aa31-92245e826041,2026-08-01,ACC-01177,Former Customer,Retail,HOLD,below the level where this model's ranking carries any signal (score 0.069),False,,False,0.06870148587318814,103,239,False,False,0.0760206465198824,0.08385126759278452,5 logged sales contacts · listed as a Former Customer
d4d9ab11-d684-4412-aa31-92245e826041,2026-08-01,ACC-00095,Suspect,Retail,HOLD,below the level where this model's ranking carries any signal (score 0.043),False,,False,0.042932817864562246,242,32,True,False,0.04747503029634021,0.05913589672651227,3 logged sales contacts
d4d9ab11-d684-4412-aa31-92245e826041,2026-08-01,ACC-01475,Suspect,Retail,NURTURE,"middle of the range - worth a campaign, not a call",False,,False,0.07834794029739756,75,49,False,False,0.06315298147502531,0.07834794029739756,"third-party intent score of 42, against a typical 25 · started a trial · in Retail"
d4d9ab11-d684-4412-aa31-92245e826041,2026-08-01,ACC-00898,Prospect,Retail,HOLD,below the level where this model's ranking carries any signal (score 0.045),False,,False,0.04486286529064051,218,214,True,True,0.050791957202014876,0.059247314902972074,480 employees
d4d9ab11-d684-4412-aa31-92245e826041,2026-08-01,ACC-00906,Former Customer,Manufacturing,HOLD,below the level where this model's ranking carries any signal (score 0.047),False,,False,0.04727625781623265,186,147,False,False,0.04727625781623265,0.05004322237379533,"third-party intent score of 15, against a typical 25 · 2 logged sales contacts"
d4d9ab11-d684-4412-aa31-92245e826041,2026-08-01,ACC-01111,Suspect,Manufacturing,CALL_WITH_CAVEAT,"top tier; information is 109 days old, so treat the activity as historical",False,,True,0.15271838779534938,5,109,False,False,0.06667884916941388,0.06762571053928416,"third-party intent score of 58, against a typical 25 · 4 website visits in the 90 days to 2026-08-01 · started a trial"
d4d9ab11-d684-4412-aa31-92245e826041,2026-08-01,ACC-00587,Former Customer,Healthcare,HOLD,below the level where this model's ranking carries any signal (score 0.048),False,,False,0.0482502835319303,179,132,False,True,0.04725622728006421,0.05151933247948828,"third-party intent score of 30, against a typical 25 · listed as a Former Customer"
d4d9ab11-d684-4412-aa31-92245e826041,2026-08-01,ACC-01201,Prospect,Healthcare,HOLD,below the level where this model's ranking carries any signal (score 0.050),False,,False,0.05049885106280486,163,110,True,True,0.055794870024035784,0.058278512472688074,started a trial
d4d9ab11-d684-4412-aa31-92245e826041,2026-08-01,ACC-01208,Prospect,Financial Services,HOLD,below the level where this model's ranking carries any signal (score 0.047),False,,False,0.04725222353561751,190,117,False,False,0.04521592393009381,0.04725222353561751,"third-party intent score of 47, against a typical 25"
d4d9ab11-d684-4412-aa31-92245e826041,2026-08-01,ACC-00151,Suspect,Financial Services,HOLD,below the level where this model's ranking carries any signal (score 0.042),False,,False,0.041674142888495504,269,408,True,False,0.04608960271064684,0.04816326366723395,nothing stands out
d4d9ab11-d684-4412-aa31-92245e826041,2026-08-01,ACC-01102,Prospect,Professional Services,NURTURE,"middle of the range - worth a campaign, not a call",False,,False,0.10783694502697466,29,96,False,False,0.10347334392356894,0.10783694502697466,"10 website visits in the 90 days to 2026-08-01 · 29 employees · third-party intent score of 42, against a typical 25"
d4d9ab11-d684-4412-aa31-92245e826041,2026-08-01,ACC-00779,Suspect,Software,HOLD,below the level where this model's ranking carries any signal (score 0.047),False,,False,0.04672803734251503,197,96,False,False,0.04775470041351147,0.048446781882751117,"third-party intent score of 30, against a typical 25 · 3 logged sales contacts"
d4d9ab11-d684-4412-aa31-92245e826041,2026-08-01,ACC-00317,Prospect,Healthcare,HOLD,below the level where this model's ranking carries any signal (score 0.046),False,,False,0.04623976034430188,200,74,False,False,0.04725622728006421,0.049379659842334306,"third-party intent score of 30, against a typical 25"
d4d9ab11-d684-4412-aa31-92245e826041,2026-08-01,ACC-01168,Former Customer,Software,HOLD,below the level where this model's ranking carries any signal (score 0.043),False,,False,0.04266850533320726,245,260,True,True,0.04521592393009381,0.04930449329949563,listed as a Former Customer
d4d9ab11-d684-4412-aa31-92245e826041,2026-08-01,ACC-00150,Prospect,Financial Services,HOLD,below the level where this model's ranking carries any signal (score 0.050),False,,False,0.050213089907480135,164,107,False,False,0.050213089907480135,0.04743002270647213,"third-party intent score of 16, against a typical 25 · 6 marketing leads · 2 logged sales contacts"
d4d9ab11-d684-4412-aa31-92245e826041,2026-08-01,ACC-01382,Prospect,Healthcare,CALL_WITH_CAVEAT,"top tier; information is 335 days old, so treat the activity as historical",False,,True,0.11601435870713352,17,335,False,False,0.07441829739991254,0.06750599124048196,"third-party intent score of 24, against a typical 25 · 4 logged sales contacts"
d4d9ab11-d684-4412-aa31-92245e826041,2026-08-01,ACC-00175,Former Customer,Professional Services,NURTURE,"middle of the range - worth a campaign, not a call",False,,False,0.10628786068898238,31,98,False,False,0.12050822003231927,0.11426675283986941,4 logged sales contacts · 0 website visits in the 90 days to 2026-08-01 · 317 employees
d4d9ab11-d684-4412-aa31-92245e826041,2026-08-01,ACC-00268,Former Customer,Retail,HOLD,below the level where this model's ranking carries any signal (score 0.058),False,,False,0.05780248533593858,129,33,False,True,0.04636150866164821,0.05780248533593858,"third-party intent score of 41, against a typical 25 · in Retail · listed as a Former Customer"
d4d9ab11-d684-4412-aa31-92245e826041,2026-08-01,ACC-00421,Suspect,Software,NURTURE,"middle of the range - worth a campaign, not a call",False,,False,0.09226289219416876,51,249,False,False,0.0990720134471605,0.09216566565495904,"4 logged sales contacts · 0 website visits in the 90 days to 2026-08-01 · third-party intent score of 30, against a typical 25"
d4d9ab11-d684-4412-aa31-92245e826041,2026-08-01,ACC-01300,Prospect,Financial Services,HOLD,below the level where this model's ranking carries any signal (score 0.044),False,,False,0.04364317219105336,228,253,True,False,0.04825674940703386,0.04895573272368234,6 website visits in the 90 days to 2026-08-01 · 2 logged sales contacts
d4d9ab11-d684-4412-aa31-92245e826041,2026-08-01,ACC-01326,Former Customer,Retail,NURTURE,"middle of the range - worth a campaign, not a call",False,,False,0.08733723282712451,61,432,False,False,0.08188552274842166,0.09661738171213888,"9 logged sales contacts · third-party intent score of 22, against a typical 25"
d4d9ab11-d684-4412-aa31-92245e826041,2026-08-01,ACC-01471,Former Customer,Professional Services,NURTURE,"middle of the range - worth a campaign, not a call",False,,False,0.0950813307224932,44,29,False,True,0.08754628663337513,0.0950813307224932,"9 website visits in the 90 days to 2026-08-01 · third-party intent score of 46, against a typical 25 · listed as a Former Customer"
d4d9ab11-d684-4412-aa31-92245e826041,2026-08-01,ACC-01135,Prospect,Retail,HOLD,below the level where this model's ranking carries any signal (score 0.058),False,,False,0.05750024955761577,132,192,False,False,0.04726042621333832,0.05750024955761577,"third-party intent score of 48, against a typical 25 · in Retail · 0 website visits in the 90 days to 2026-08-01"
d4d9ab11-d684-4412-aa31-92245e826041,2026-08-01,ACC-00483,Prospect,Professional Services,HOLD,below the level where this model's ranking carries any signal (score 0.059),False,,False,0.058934825969988947,126,32,False,True,0.058934825969988947,0.05735355134432565,"started a trial · third-party intent score of 15, against a typical 25 · in Professional Services"
d4d9ab11-d684-4412-aa31-92245e826041,2026-08-01,ACC-00624,Suspect,Professional Services,HOLD,below the level where this model's ranking carries any signal (score 0.040),False,,False,0.039653727681091884,292,460,False,True,0.0438649187950359,0.04584329718224122,nothing stands out
d4d9ab11-d684-4412-aa31-92245e826041,2026-08-01,ACC-00467,Prospect,Healthcare,HOLD,below the level where this model's ranking carries any signal (score 0.041),False,,False,0.04088057695028009,282,135,True,False,0.04521592393009381,0.04725222353561751,nothing stands out
d4d9ab11-d684-4412-aa31-92245e826041,2026-08-01,ACC-00429,Suspect,Financial Services,HOLD,below the level where this model's ranking carries any signal (score 0.045),False,,False,0.04514835308398433,211,99,False,False,0.04725622728006421,0.04821788760263391,"third-party intent score of 28, against a typical 25"
d4d9ab11-d684-4412-aa31-92245e826041,2026-08-01,ACC-00420,Prospect,Software,HOLD,below the level where this model's ranking carries any signal (score 0.043),False,,False,0.04344122402882725,235,141,True,True,0.04803452528580882,0.05019108787490342,6 website visits in the 90 days to 2026-08-01
d4d9ab11-d684-4412-aa31-92245e826041,2026-08-01,ACC-00358,Prospect,Financial Services,HOLD,below the level where this model's ranking carries any signal (score 0.044),False,,False,0.04402322521522538,224,135,True,False,0.0486749335358182,0.045972992337933574,2 logged sales contacts
d4d9ab11-d684-4412-aa31-92245e826041,2026-08-01,ACC-00967,Suspect,Manufacturing,HOLD,below the level where this model's ranking carries any signal (score 0.045),False,,False,0.04542453825799201,209,96,True,False,0.05021653818636986,0.05094238898707726,6 website visits in the 90 days to 2026-08-01 · 2 logged sales contacts
d4d9ab11-d684-4412-aa31-92245e826041,2026-08-01,ACC-01440,Prospect,Manufacturing,NURTURE,"middle of the range - worth a campaign, not a call",False,,False,0.08404799046149894,65,97,False,True,0.06936525497947411,0.06596516081970784,"8 website visits in the 90 days to 2026-08-01 · third-party intent score of 8, against a typical 25"
d4d9ab11-d684-4412-aa31-92245e826041,2026-08-01,ACC-00633,Prospect,Professional Services,HOLD,below the level where this model's ranking carries any signal (score 0.038),False,,False,0.03807069756638674,300,68,False,True,0.04283608787057452,0.04067953857423307,nothing stands out
d4d9ab11-d684-4412-aa31-92245e826041,2026-08-01,ACC-01394,Suspect,Healthcare,NURTURE,"middle of the range - worth a campaign, not a call",False,,False,0.08826302031049164,57,81,True,True,0.09711444478571907,0.09461176584702008,9 website visits in the 90 days to 2026-08-01 · started a trial
d4d9ab11-d684-4412-aa31-92245e826041,2026-08-01,ACC-00001,Suspect,Software,HOLD,below the level where this model's ranking carries any signal (score 0.044),False,,False,0.04424130540265227,220,38,False,True,0.04521592393009381,0.04725222353561751,"third-party intent score of 34, against a typical 25"
d4d9ab11-d684-4412-aa31-92245e826041,2026-08-01,ACC-01020,Suspect,Manufacturing,HOLD,below the level where this model's ranking carries any signal (score 0.062),False,,False,0.06191247621078546,120,86,False,True,0.06191247621078546,0.06315262025866704,"started a trial · third-party intent score of 17, against a typical 25 · in Manufacturing"
d4d9ab11-d684-4412-aa31-92245e826041,2026-08-01,ACC-00077,Prospect,Software,HOLD,below the level where this model's ranking carries any signal (score 0.044),False,,False,0.04364317219105336,229,457,True,False,0.04825674940703386,0.04895573272368234,6 website visits in the 90 days to 2026-08-01 · 2 logged sales contacts
d4d9ab11-d684-4412-aa31-92245e826041,2026-08-01,ACC-00832,Prospect,Manufacturing,CALL_NOW,top tier and current (52 days old),True,15.0,False,0.11024819159307937,26,52,False,False,0.11024819159307937,0.10265151813485304,"5 logged sales contacts · 0 website visits in the 90 days to 2026-08-01 · third-party intent score of 15, against a typical 25"
d4d9ab11-d684-4412-aa31-92245e826041,2026-08-01,ACC-01495,Suspect,Financial Services,HOLD,below the level where this model's ranking carries any signal (score 0.044),False,,False,0.04424130540265227,221,518,False,True,0.04521592393009381,0.04725222353561751,"third-party intent score of 27, against a typical 25"
d4d9ab11-d684-4412-aa31-92245e826041,2026-08-01,ACC-00808,Prospect,Retail,HOLD,below the level where this model's ranking carries any signal (score 0.049),False,,False,0.04949474169780407,169,317,False,True,0.050578966839296184,0.06480969903465722,"7 website visits in the 90 days to 2026-08-01 · third-party intent score of 29, against a typical 25"
d4d9ab11-d684-4412-aa31-92245e826041,2026-08-01,ACC-00669,Suspect,Professional Services,HOLD,below the level where this model's ranking carries any signal (score 0.040),False,,False,0.039653727681091884,293,200,True,False,0.0438649187950359,0.04584329718224122,nothing stands out
d4d9ab11-d684-4412-aa31-92245e826041,2026-08-01,ACC-00833,Prospect,Software,HOLD,below the level where this model's ranking carries any signal (score 0.056),False,,False,0.05615516210210596,140,67,False,False,0.04726042621333832,0.04681600854443037,"third-party intent score of 50, against a typical 25 · 0 website visits in the 90 days to 2026-08-01"
d4d9ab11-d684-4412-aa31-92245e826041,2026-08-01,ACC-01432,Suspect,Retail,NURTURE,"middle of the range - worth a campaign, not a call",False,,False,0.0775199048887803,79,269,False,False,0.07263223670093191,0.08241325120959045,"4 logged sales contacts · third-party intent score of 19, against a typical 25"
d4d9ab11-d684-4412-aa31-92245e826041,2026-08-01,ACC-00887,Prospect,Manufacturing,NURTURE,"middle of the range - worth a campaign, not a call",False,,False,0.07770539894494244,77,98,False,False,0.04818773790039957,0.04888577295220728,"third-party intent score of 58, against a typical 25 · 0 website visits in the 90 days to 2026-08-01 · in Manufacturing"
d4d9ab11-d684-4412-aa31-92245e826041,2026-08-01,ACC-00122,Prospect,Manufacturing,CALL_NOW,top tier and current (38 days old),True,3.0,False,0.14821040002222632,7,38,True,False,0.1732984667023071,0.15877725310551502,6 logged sales contacts · 698 employees · in Manufacturing
d4d9ab11-d684-4412-aa31-92245e826041,2026-08-01,ACC-00471,Prospect,Financial Services,HOLD,below the level where this model's ranking carries any signal (score 0.048),False,,False,0.04816326366723395,181,97,False,False,0.04747503029634021,0.04816326366723395,"third-party intent score of 38, against a typical 25"
d4d9ab11-d684-4412-aa31-92245e826041,2026-08-01,ACC-01033,Suspect,Healthcare,HOLD,below the level where this model's ranking carries any signal (score 0.058),False,,False,0.05818866319005222,128,109,False,False,0.04588095959835884,0.04681600854443037,"third-party intent score of 2, against a typical 25 · 0 website visits in the 90 days to 2026-08-01"
d4d9ab11-d684-4412-aa31-92245e826041,2026-08-01,ACC-01383,Former Customer,Professional Services,HOLD,below the level where this model's ranking carries any signal (score 0.041),False,,False,0.04060192462864469,285,125,True,False,0.04303150895396505,0.046932265646238515,listed as a Former Customer
d4d9ab11-d684-4412-aa31-92245e826041,2026-08-01,ACC-01271,Prospect,Healthcare,HOLD,below the level where this model's ranking carries any signal (score 0.044),False,,False,0.04402322521522538,225,113,False,False,0.0486749335358182,0.049379659842334306,2 logged sales contacts
d4d9ab11-d684-4412-aa31-92245e826041,2026-08-01,ACC-00577,Suspect,Professional Services,HOLD,below the level where this model's ranking carries any signal (score 0.041),False,,False,0.041338834009766186,274,80,True,False,0.04572046210708698,0.04777834656905118,6 website visits in the 90 days to 2026-08-01
d4d9ab11-d684-4412-aa31-92245e826041,2026-08-01,ACC-00758,Suspect,Professional Services,NURTURE,"middle of the range - worth a campaign, not a call",False,,False,0.09410274838523036,48,62,True,True,0.10347334392356894,0.10783694502697466,9 website visits in the 90 days to 2026-08-01 · 9 employees
d4d9ab11-d684-4412-aa31-92245e826041,2026-08-01,ACC-01026,Prospect,Professional Services,HOLD,below the level where this model's ranking carries any signal (score 0.053),False,,False,0.05250022646630769,153,65,True,False,0.061125032514222605,0.05281403608175801,4 logged sales contacts
d4d9ab11-d684-4412-aa31-92245e826041,2026-08-01,ACC-00722,Suspect,Manufacturing,HOLD,below the level where this model's ranking carries any signal (score 0.048),False,,False,0.04834438472346346,178,469,False,False,0.04940472010605883,0.050119455763830645,"third-party intent score of 28, against a typical 25 · 2 logged sales contacts"
d4d9ab11-d684-4412-aa31-92245e826041,2026-08-01,ACC-00146,Prospect,Manufacturing,CALL_WITH_CAVEAT,"top tier; information is 192 days old, so treat the activity as historical",True,9.0,False,0.1216575438564018,16,192,False,False,0.10100210270817626,0.09397524219983802,"5 logged sales contacts · third-party intent score of 4, against a typical 25 · started a trial"
d4d9ab11-d684-4412-aa31-92245e826041,2026-08-01,ACC-01045,Suspect,Healthcare,HOLD,below the level where this model's ranking carries any signal (score 0.042),False,,False,0.04197278376367591,256,109,False,True,0.04608960271064684,0.04483655641195417,nothing stands out
d4d9ab11-d684-4412-aa31-92245e826041,2026-08-01,ACC-00136,Suspect,Financial Services,HOLD,below the level where this model's ranking carries any signal (score 0.043),False,,False,0.04300966100472777,239,474,False,True,0.04300966100472777,0.041836677180779464,"third-party intent score of 15, against a typical 25"
d4d9ab11-d684-4412-aa31-92245e826041,2026-08-01,ACC-00646,Prospect,Manufacturing,CALL_WITH_CAVEAT,"top tier; information is 272 days old, so treat the activity as historical",True,4.0,False,0.14821040002222632,8,272,True,False,0.1732984667023071,0.15877725310551502,6 logged sales contacts · 637 employees · in Manufacturing
d4d9ab11-d684-4412-aa31-92245e826041,2026-08-01,ACC-00803,Prospect,Financial Services,HOLD,below the level where this model's ranking carries any signal (score 0.048),False,,False,0.04775470041351147,184,245,False,False,0.04775470041351147,0.048446781882751117,"third-party intent score of 18, against a typical 25 · 2 logged sales contacts"
d4d9ab11-d684-4412-aa31-92245e826041,2026-08-01,ACC-00492,Suspect,Retail,HOLD,below the level where this model's ranking carries any signal (score 0.072),False,,False,0.07238862700438783,92,0,True,False,0.08164457489826706,0.09856362580239693,started a trial · 559 employees · 6 website visits in the 90 days to 2026-08-01
d4d9ab11-d684-4412-aa31-92245e826041,2026-08-01,ACC-00883,Prospect,Financial Services,HOLD,below the level where this model's ranking carries any signal (score 0.062),False,,False,0.06231185223008794,119,7,True,False,0.0724253165946523,0.06268042917175065,6 logged sales contacts
d4d9ab11-d684-4412-aa31-92245e826041,2026-08-01,ACC-00598,Suspect,Software,HOLD,below the level where this model's ranking carries any signal (score 0.044),False,,False,0.04402322521522538,226,588,False,False,0.0486749335358182,0.049379659842334306,2 logged sales contacts
d4d9ab11-d684-4412-aa31-92245e826041,2026-08-01,ACC-00131,Prospect,Healthcare,HOLD,below the level where this model's ranking carries any signal (score 0.042),False,,False,0.041674142888495504,270,494,True,True,0.04608960271064684,0.04816326366723395,nothing stands out
d4d9ab11-d684-4412-aa31-92245e826041,2026-08-01,ACC-00852,Prospect,Financial Services,HOLD,below the level where this model's ranking carries any signal (score 0.045),False,,False,0.04509704172765393,212,344,False,True,0.04608960271064684,0.04816326366723395,"third-party intent score of 30, against a typical 25"
d4d9ab11-d684-4412-aa31-92245e826041,2026-08-01,ACC-00033,Prospect,Professional Services,HOLD,below the level where this model's ranking carries any signal (score 0.039),False,,False,0.03894510831852599,296,300,True,False,0.04412824083581696,0.043711925606864946,3 logged sales contacts
d4d9ab11-d684-4412-aa31-92245e826041,2026-08-01,ACC-00934,Prospect,Retail,HOLD,below the level where this model's ranking carries any signal (score 0.063),False,,False,0.0633673830547969,113,296,False,False,0.052091972845098436,0.06480969903465722,"third-party intent score of 11, against a typical 25 · 7 website visits in the 90 days to 2026-08-01 · 2 logged sales contacts"
d4d9ab11-d684-4412-aa31-92245e826041,2026-08-01,ACC-01377,Prospect,Software,HOLD,below the level where this model's ranking carries any signal (score 0.053),False,,False,0.05300676339230777,152,115,True,True,0.05994460687540119,0.06114790270020983,800 employees
d4d9ab11-d684-4412-aa31-92245e826041,2026-08-01,ACC-01428,Prospect,Healthcare,HOLD,below the level where this model's ranking carries any signal (score 0.041),False,,False,0.04088057695028009,283,137,True,True,0.04521592393009381,0.04725222353561751,nothing stands out
d4d9ab11-d684-4412-aa31-92245e826041,2026-08-01,ACC-00453,Former Customer,Professional Services,HOLD,below the level where this model's ranking carries any signal (score 0.044),False,,False,0.043994773562994506,227,136,False,False,0.04412824083581696,0.04561779452511485,"third-party intent score of 29, against a typical 25 · listed as a Former Customer · 3 logged sales contacts"
d4d9ab11-d684-4412-aa31-92245e826041,2026-08-01,ACC-01311,Prospect,Retail,HOLD,below the level where this model's ranking carries any signal (score 0.043),False,,False,0.0427340098176761,244,66,True,False,0.04725622728006421,0.060611767516801904,nothing stands out
d4d9ab11-d684-4412-aa31-92245e826041,2026-08-01,ACC-01214,Former Customer,Software,NURTURE,"middle of the range - worth a campaign, not a call",False,,False,0.07353761696611616,89,132,True,False,0.08188552274842166,0.0792760717544474,5 logged sales contacts · listed as a Former Customer
d4d9ab11-d684-4412-aa31-92245e826041,2026-08-01,ACC-01021,Prospect,Retail,NURTURE,"middle of the range - worth a campaign, not a call",False,,False,0.09493761786388115,46,290,False,False,0.07636618327706471,0.09493761786388115,"8 website visits in the 90 days to 2026-08-01 · third-party intent score of 39, against a typical 25 · in Retail"
d4d9ab11-d684-4412-aa31-92245e826041,2026-08-01,ACC-00076,Suspect,Financial Services,NURTURE,"middle of the range - worth a campaign, not a call",False,,False,0.10311322001047164,34,87,False,True,0.1076223183291491,0.10967101644134897,"9 website visits in the 90 days to 2026-08-01 · started a trial · third-party intent score of 35, against a typical 25"
d4d9ab11-d684-4412-aa31-92245e826041,2026-08-01,ACC-00200,Prospect,Retail,NURTURE,"middle of the range - worth a campaign, not a call",False,,False,0.08338605388980742,68,116,False,True,0.06536145952056939,0.08338605388980742,"third-party intent score of 44, against a typical 25 · started a trial · in Retail"
